iso_code,continent,location,date,new_tests,total_tests_per_thousand,new_tests_per_thousand,new_tests_smoothed,new_tests_smoothed_per_thousand,positive_rate,tests_per_case,tests_units,total_vaccinations,people_vaccinated,people_fully_vaccinated,total_boosters,new_vaccinations,new_vaccinations_smoothed,total_vaccinations_per_hundred,people_vaccinated_per_hundred,people_fully_vaccinated_per_hundred,total_boosters_per_hundred,new_vaccinations_smoothed_per_million,new_people_vaccinated_smoothed,new_people_vaccinated_smoothed_per_hundred,stringency_index,population_density,median_age,aged_65_older,aged_70_older,gdp_per_capita,extreme_poverty,cardiovasc_death_rate,diabetes_prevalence,female_smokers,male_smokers,handwashing_facilities,hospital_beds_per_thousand,life_expectancy,human_development_index,population,excess_mortality_cumulative_absolute,excess_mortality_cumulative,excess_mortality,excess_mortality_cumulative_per_million
AFG,Asia,Afghanistan,2020-02-24,,,,,,,,,,,,,,,,,,,,,,8.33,54.422,18.6,2.581,1.337,1803.987,,597.029,9.59,,,37.746,0.5,64.83,0.511,41128772,,,,
AFG,Asia,Afghanistan,2020-02-25,,,,,,,,,,,,,,,,,,,,,,8.33,54.422,18.6,2.581,1.337,1803.987,,597.029,9.59,,,37.746,0.5,64.83,0.511,41128772,,,,
AFG,Asia,Afghanistan,2020-02-26,,,,,,,,,,,,,,,,,,,,,,8.33,54.422,18.6,2.581,1.337,1803.987,,597.029,9.59,,,37.746,0.5,64.83,0.511,41128772,,,,
AFG,Asia,Afghanistan,2020-02-27,,,,,,,,,,,,,,,,,,,,,,8.33,54.422,18.6,2.581,1.337,1803.987,,597.029,9.59,,,37.746,0.5,64.83,0.511,41128772,,,,
AFG,Asia,Afghanistan,2020-02-28,,,,,,,,,,,,,,,,,,,,,,8.33,54.422,18.6,2.581,1.337,1803.987,,597.029,9.59,,,37.746,0.5,64.83,0.511,41128772,,,,
AFG,Asia,Afghanistan,2020-02-29,,,,,,,,,,,,,,,,,,,,,,8.33,54.422,18.6,2.581,1.337,1803.987,,597.029,9.59,,,37.746,0.5,64.83,0.511,41128772,,,,
AFG,Asia,Afghanistan,2020-03-01,,,,,,,,,,,,,,,,,,,,,,27.78,54.422,18.6,2.581,1.337,1803.987,,597.029,9.59,,,37.746,0.5,64.83,0.511,41128772,,,,
AFG,Asia,Afghanistan,2020-03-02,,,,,,,,,,,,,,,,,,,,,,27.78,54.422,18.6,2.581,1.337,1803.987,,597.029,9.59,,,37.746,0.5,64.83,0.511,41128772,,,,
AFG,Asia,Afghanistan,2020-03-03,,,,,,,,,,,,,,,,,,,,,,27.78,54.422,18.6,2.581,1.337,1803.987,,597.029,9.59,,,37.746,0.5,64.83,0.511,41128772,,,,
AFG,Asia,Afghanistan,2020-03-04,,,,,,,,,,,,,,,,,,,,,,27.78,54.422,18.6,2.581,1.337,1803.987,,597.029,9.59,,,37.746,0.5,64.83,0.511,41128772,,,,
AFG,Asia,Afghanistan,2020-03-05,,,,,,,,,,,,,,,,,,,,,,27.78,54.422,18.6,2.581,1.337,1803.987,,597.029,9.59,,,37.746,0.5,64.83,0.511,41128772,,,,
AFG,Asia,Afghanistan,2020-03-06,,,,,,,,,,,,,,,,,,,,,,27.78,54.422,18.6,2.581,1.337,1803.987,,597.029,9.59,,,37.746,0.5,64.83,0.511,41128772,,,,
AFG,Asia,Afghanistan,2020-03-07,,,,,,,,,,,,,,,,,,,,,,27.78,54.422,18.6,2.581,1.337,1803.987,,597.029,9.59,,,37.746,0.5,64.83,0.511,41128772,,,,
AFG,Asia,Afghanistan,2020-03-08,,,,,,,,,,,,,,,,,,,,,,27.78,54.422,18.6,2.581,1.337,1803.987,,597.029,9.59,,,37.746,0.5,64.83,0.511,41128772,,,,
AFG,Asia,Afghanistan,2020-03-09,,,,,,,,,,,,,,,,,,,,,,27.78,54.422,18.6,2.581,1.337,1803.987,,597.029,9.59,,,37.746,0.5,64.83,0.511,41128772,,,,
AFG,Asia,Afghanistan,2020-03-10,,,,,,,,,,,,,,,,,,,,,,27.78,54.422,18.6,2.581,1.337,1803.987,,597.029,9.59,,,37.746,0.5,64.83,0.511,41128772,,,,
AFG,Asia,Afghanistan,2020-03-11,,,,,,,,,,,,,,,,,,,,,,27.78,54.422,18.6,2.581,1.337,1803.987,,597.029,9.59,,,37.746,0.5,64.83,0.511,41128772,,,,
AFG,Asia,Afghanistan,2020-03-12,,,,,,,,,,,,,,,,,,,,,,27.78,54.422,18.6,2.581,1.337,1803.987,,597.029,9.59,,,37.746,0.5,64.83,0.511,41128772,,,,
AFG,Asia,Afghanistan,2020-03-13,,,,,,,,,,,,,,,,,,,,,,27.78,54.422,18.6,2.581,1.337,1803.987,,597.029,9.59,,,37.746,0.5,64.83,0.511,41128772,,,,
AFG,Asia,Afghanistan,2020-03-14,,,,,,,,,,,,,,,,,,,,,,38.89,54.422,18.6,2.581,1.337,1803.987,,597.029,9.59,,,37.746,0.5,64.83,0.511,41128772,,,,
AFG,Asia,Afghanistan,2020-03-15,,,,,,,,,,,,,,,,,,,,,,38.89,54.422,18.6,2.581,1.337,1803.987,,597.029,9.59,,,37.746,0.5,64.83,0.511,41128772,,,,
AFG,Asia,Afghanistan,2020-03-16,,,,,,,,,,,,,,,,,,,,,,38.89,54.422,18.6,2.581,1.337,1803.987,,597.029,9.59,,,37.746,0.5,64.83,0.511,41128772,,,,
AFG,Asia,Afghanistan,2020-03-17,,,,,,,,,,,,,,,,,,,,,,38.89,54.422,18.6,2.581,1.337,1803.987,,597.029,9.59,,,37.746,0.5,64.83,0.511,41128772,,,,
AFG,Asia,Afghanistan,2020-03-18,,,,,,,,,,,,,,,,,,,,,,41.67,54.422,18.6,2.581,1.337,1803.987,,597.029,9.59,,,37.746,0.5,64.83,0.511,41128772,,,,
AFG,Asia,Afghanistan,2020-03-19,,,,,,,,,,,,,,,,,,,,,,41.67,54.422,18.6,2.581,1.337,1803.987,,597.029,9.59,,,37.746,0.5,64.83,0.511,41128772,,,,
AFG,Asia,Afghanistan,2020-03-20,,,,,,,,,,,,,,,,,,,,,,41.67,54.422,18.6,2.581,1.337,1803.987,,597.029,9.59,,,37.746,0.5,64.83,0.511,41128772,,,,
AFG,Asia,Afghanistan,2020-03-21,,,,,,,,,,,,,,,,,,,,,,41.67,54.422,18.6,2.581,1.337,1803.987,,597.029,9.59,,,37.746,0.5,64.83,0.511,41128772,,,,
AFG,Asia,Afghanistan,2020-03-22,,,,,,,,,,,,,,,,,,,,,,41.67,54.422,18.6,2.581,1.337,1803.987,,597.029,9.59,,,37.746,0.5,64.83,0.511,41128772,,,,
AFG,Asia,Afghanistan,2020-03-23,,,,,,,,,,,,,,,,,,,,,,41.67,54.422,18.6,2.581,1.337,1803.987,,597.029,9.59,,,37.746,0.5,64.83,0.511,41128772,,,,
AFG,Asia,Afghanistan,2020-03-24,,,,,,,,,,,,,,,,,,,,,,50.93,54.422,18.6,2.581,1.337,1803.987,,597.029,9.59,,,37.746,0.5,64.83,0.511,41128772,,,,
AFG,Asia,Afghanistan,2020-03-25,,,,,,,,,,,,,,,,,,,,,,59.26,54.422,18.6,2.581,1.337,1803.987,,597.029,9.59,,,37.746,0.5,64.83,0.511,41128772,,,,
AFG,Asia,Afghanistan,2020-03-26,,,,,,,,,,,,,,,,,,,,,,59.26,54.422,18.6,2.581,1.337,1803.987,,597.029,9.59,,,37.746,0.5,64.83,0.511,41128772,,,,
AFG,Asia,Afghanistan,2020-03-27,,,,,,,,,,,,,,,,,,,,,,59.26,54.422,18.6,2.581,1.337,1803.987,,597.029,9.59,,,37.746,0.5,64.83,0.511,41128772,,,,
AFG,Asia,Afghanistan,2020-03-28,,,,,,,,,,,,,,,,,,,,,,67.59,54.422,18.6,2.581,1.337,1803.987,,597.029,9.59,,,37.746,0.5,64.83,0.511,41128772,,,,
AFG,Asia,Afghanistan,2020-03-29,,,,,,,,,,,,,,,,,,,,,,67.59,54.422,18.6,2.581,1.337,1803.987,,597.029,9.59,,,37.746,0.5,64.83,0.511,41128772,,,,
AFG,Asia,Afghanistan,2020-03-30,,,,,,,,,,,,,,,,,,,,,,67.59,54.422,18.6,2.581,1.337,1803.987,,597.029,9.59,,,37.746,0.5,64.83,0.511,41128772,,,,
AFG,Asia,Afghanistan,2020-03-31,,,,,,,,,,,,,,,,,,,,,,67.59,54.422,18.6,2.581,1.337,1803.987,,597.029,9.59,,,37.746,0.5,64.83,0.511,41128772,,,,
AFG,Asia,Afghanistan,2020-04-01,,,,,,,,,,,,,,,,,,,,,,67.59,54.422,18.6,2.581,1.337,1803.987,,597.029,9.59,,,37.746,0.5,64.83,0.511,41128772,,,,
AFG,Asia,Afghanistan,2020-04-02,,,,,,,,,,,,,,,,,,,,,,67.59,54.422,18.6,2.581,1.337,1803.987,,597.029,9.59,,,37.746,0.5,64.83,0.511,41128772,,,,
AFG,Asia,Afghanistan,2020-04-03,,,,,,,,,,,,,,,,,,,,,,67.59,54.422,18.6,2.581,1.337,1803.987,,597.029,9.59,,,37.746,0.5,64.83,0.511,41128772,,,,
AFG,Asia,Afghanistan,2020-04-04,,,,,,,,,,,,,,,,,,,,,,67.59,54.422,18.6,2.581,1.337,1803.987,,597.029,9.59,,,37.746,0.5,64.83,0.511,41128772,,,,
AFG,Asia,Afghanistan,2020-04-05,,,,,,,,,,,,,,,,,,,,,,78.7,54.422,18.6,2.581,1.337,1803.987,,597.029,9.59,,,37.746,0.5,64.83,0.511,41128772,,,,
AFG,Asia,Afghanistan,2020-04-06,,,,,,,,,,,,,,,,,,,,,,78.7,54.422,18.6,2.581,1.337,1803.987,,597.029,9.59,,,37.746,0.5,64.83,0.511,41128772,,,,
AFG,Asia,Afghanistan,2020-04-07,,,,,,,,,,,,,,,,,,,,,,78.7,54.422,18.6,2.581,1.337,1803.987,,597.029,9.59,,,37.746,0.5,64.83,0.511,41128772,,,,
AFG,Asia,Afghanistan,2020-04-08,,,,,,,,,,,,,,,,,,,,,,78.7,54.422,18.6,2.581,1.337,1803.987,,597.029,9.59,,,37.746,0.5,64.83,0.511,41128772,,,,
AFG,Asia,Afghanistan,2020-04-09,,,,,,,,,,,,,,,,,,,,,,78.7,54.422,18.6,2.581,1.337,1803.987,,597.029,9.59,,,37.746,0.5,64.83,0.511,41128772,,,,
AFG,Asia,Afghanistan,2020-04-10,,,,,,,,,,,,,,,,,,,,,,78.7,54.422,18.6,2.581,1.337,1803.987,,597.029,9.59,,,37.746,0.5,64.83,0.511,41128772,,,,
AFG,Asia,Afghanistan,2020-04-11,,,,,,,,,,,,,,,,,,,,,,78.7,54.422,18.6,2.581,1.337,1803.987,,597.029,9.59,,,37.746,0.5,64.83,0.511,41128772,,,,
AFG,Asia,Afghanistan,2020-04-12,,,,,,,,,,,,,,,,,,,,,,84.26,54.422,18.6,2.581,1.337,1803.987,,597.029,9.59,,,37.746,0.5,64.83,0.511,41128772,,,,
AFG,Asia,Afghanistan,2020-04-13,,,,,,,,,,,,,,,,,,,,,,84.26,54.422,18.6,2.581,1.337,1803.987,,597.029,9.59,,,37.746,0.5,64.83,0.511,41128772,,,,
AFG,Asia,Afghanistan,2020-04-14,,,,,,,,,,,,,,,,,,,,,,84.26,54.422,18.6,2.581,1.337,1803.987,,597.029,9.59,,,37.746,0.5,64.83,0.511,41128772,,,,
AFG,Asia,Afghanistan,2020-04-15,,,,,,,,,,,,,,,,,,,,,,84.26,54.422,18.6,2.581,1.337,1803.987,,597.029,9.59,,,37.746,0.5,64.83,0.511,41128772,,,,
AFG,Asia,Afghanistan,2020-04-16,,,,,,,,,,,,,,,,,,,,,,84.26,54.422,18.6,2.581,1.337,1803.987,,597.029,9.59,,,37.746,0.5,64.83,0.511,41128772,,,,
AFG,Asia,Afghanistan,2020-04-17,,,,,,,,,,,,,,,,,,,,,,84.26,54.422,18.6,2.581,1.337,1803.987,,597.029,9.59,,,37.746,0.5,64.83,0.511,41128772,,,,
AFG,Asia,Afghanistan,2020-04-18,,,,,,,,,,,,,,,,,,,,,,84.26,54.422,18.6,2.581,1.337,1803.987,,597.029,9.59,,,37.746,0.5,64.83,0.511,41128772,,,,
AFG,Asia,Afghanistan,2020-04-19,,,,,,,,,,,,,,,,,,,,,,84.26,54.422,18.6,2.581,1.337,1803.987,,597.029,9.59,,,37.746,0.5,64.83,0.511,41128772,,,,
AFG,Asia,Afghanistan,2020-04-20,,,,,,,,,,,,,,,,,,,,,,84.26,54.422,18.6,2.581,1.337,1803.987,,597.029,9.59,,,37.746,0.5,64.83,0.511,41128772,,,,
AFG,Asia,Afghanistan,2020-04-21,,,,,,,,,,,,,,,,,,,,,,84.26,54.422,18.6,2.581,1.337,1803.987,,597.029,9.59,,,37.746,0.5,64.83,0.511,41128772,,,,
AFG,Asia,Afghanistan,2020-04-22,,,,,,,,,,,,,,,,,,,,,,84.26,54.422,18.6,2.581,1.337,1803.987,,597.029,9.59,,,37.746,0.5,64.83,0.511,41128772,,,,
AFG,Asia,Afghanistan,2020-04-23,,,,,,,,,,,,,,,,,,,,,,84.26,54.422,18.6,2.581,1.337,1803.987,,597.029,9.59,,,37.746,0.5,64.83,0.511,41128772,,,,
AFG,Asia,Afghanistan,2020-04-24,,,,,,,,,,,,,,,,,,,,,,84.26,54.422,18.6,2.581,1.337,1803.987,,597.029,9.59,,,37.746,0.5,64.83,0.511,41128772,,,,
AFG,Asia,Afghanistan,2020-04-25,,,,,,,,,,,,,,,,,,,,,,84.26,54.422,18.6,2.581,1.337,1803.987,,597.029,9.59,,,37.746,0.5,64.83,0.511,41128772,,,,
AFG,Asia,Afghanistan,2020-04-26,,,,,,,,,,,,,,,,,,,,,,84.26,54.422,18.6,2.581,1.337,1803.987,,597.029,9.59,,,37.746,0.5,64.83,0.511,41128772,,,,
AFG,Asia,Afghanistan,2020-04-27,,,,,,,,,,,,,,,,,,,,,,84.26,54.422,18.6,2.581,1.337,1803.987,,597.029,9.59,,,37.746,0.5,64.83,0.511,41128772,,,,
AFG,Asia,Afghanistan,2020-04-28,,,,,,,,,,,,,,,,,,,,,,84.26,54.422,18.6,2.581,1.337,1803.987,,597.029,9.59,,,37.746,0.5,64.83,0.511,41128772,,,,
AFG,Asia,Afghanistan,2020-04-29,,,,,,,,,,,,,,,,,,,,,,84.26,54.422,18.6,2.581,1.337,1803.987,,597.029,9.59,,,37.746,0.5,64.83,0.511,41128772,,,,
AFG,Asia,Afghanistan,2020-04-30,,,,,,,,,,,,,,,,,,,,,,84.26,54.422,18.6,2.581,1.337,1803.987,,597.029,9.59,,,37.746,0.5,64.83,0.511,41128772,,,,
AFG,Asia,Afghanistan,2020-05-01,,,,,,,,,,,,,,,,,,,,,,84.26,54.422,18.6,2.581,1.337,1803.987,,597.029,9.59,,,37.746,0.5,64.83,0.511,41128772,,,,
AFG,Asia,Afghanistan,2020-05-02,,,,,,,,,,,,,,,,,,,,,,84.26,54.422,18.6,2.581,1.337,1803.987,,597.029,9.59,,,37.746,0.5,64.83,0.511,41128772,,,,
AFG,Asia,Afghanistan,2020-05-03,,,,,,,,,,,,,,,,,,,,,,84.26,54.422,18.6,2.581,1.337,1803.987,,597.029,9.59,,,37.746,0.5,64.83,0.511,41128772,,,,
AFG,Asia,Afghanistan,2020-05-04,,,,,,,,,,,,,,,,,,,,,,84.26,54.422,18.6,2.581,1.337,1803.987,,597.029,9.59,,,37.746,0.5,64.83,0.511,41128772,,,,
AFG,Asia,Afghanistan,2020-05-05,,,,,,,,,,,,,,,,,,,,,,84.26,54.422,18.6,2.581,1.337,1803.987,,597.029,9.59,,,37.746,0.5,64.83,0.511,41128772,,,,
AFG,Asia,Afghanistan,2020-05-06,,,,,,,,,,,,,,,,,,,,,,84.26,54.422,18.6,2.581,1.337,1803.987,,597.029,9.59,,,37.746,0.5,64.83,0.511,41128772,,,,
AFG,Asia,Afghanistan,2020-05-07,,,,,,,,,,,,,,,,,,,,,,84.26,54.422,18.6,2.581,1.337,1803.987,,597.029,9.59,,,37.746,0.5,64.83,0.511,41128772,,,,
AFG,Asia,Afghanistan,2020-05-08,,,,,,,,,,,,,,,,,,,,,,84.26,54.422,18.6,2.581,1.337,1803.987,,597.029,9.59,,,37.746,0.5,64.83,0.511,41128772,,,,
AFG,Asia,Afghanistan,2020-05-09,,,,,,,,,,,,,,,,,,,,,,84.26,54.422,18.6,2.581,1.337,1803.987,,597.029,9.59,,,37.746,0.5,64.83,0.511,41128772,,,,
AFG,Asia,Afghanistan,2020-05-10,,,,,,,,,,,,,,,,,,,,,,84.26,54.422,18.6,2.581,1.337,1803.987,,597.029,9.59,,,37.746,0.5,64.83,0.511,41128772,,,,
AFG,Asia,Afghanistan,2020-05-11,,,,,,,,,,,,,,,,,,,,,,84.26,54.422,18.6,2.581,1.337,1803.987,,597.029,9.59,,,37.746,0.5,64.83,0.511,41128772,,,,
AFG,Asia,Afghanistan,2020-05-12,,,,,,,,,,,,,,,,,,,,,,84.26,54.422,18.6,2.581,1.337,1803.987,,597.029,9.59,,,37.746,0.5,64.83,0.511,41128772,,,,
AFG,Asia,Afghanistan,2020-05-13,,,,,,,,,,,,,,,,,,,,,,84.26,54.422,18.6,2.581,1.337,1803.987,,597.029,9.59,,,37.746,0.5,64.83,0.511,41128772,,,,
AFG,Asia,Afghanistan,2020-05-14,,,,,,,,,,,,,,,,,,,,,,84.26,54.422,18.6,2.581,1.337,1803.987,,597.029,9.59,,,37.746,0.5,64.83,0.511,41128772,,,,
AFG,Asia,Afghanistan,2020-05-15,,,,,,,,,,,,,,,,,,,,,,84.26,54.422,18.6,2.581,1.337,1803.987,,597.029,9.59,,,37.746,0.5,64.83,0.511,41128772,,,,
AFG,Asia,Afghanistan,2020-05-16,,,,,,,,,,,,,,,,,,,,,,84.26,54.422,18.6,2.581,1.337,1803.987,,597.029,9.59,,,37.746,0.5,64.83,0.511,41128772,,,,
AFG,Asia,Afghanistan,2020-05-17,,,,,,,,,,,,,,,,,,,,,,84.26,54.422,18.6,2.581,1.337,1803.987,,597.029,9.59,,,37.746,0.5,64.83,0.511,41128772,,,,
AFG,Asia,Afghanistan,2020-05-18,,,,,,,,,,,,,,,,,,,,,,84.26,54.422,18.6,2.581,1.337,1803.987,,597.029,9.59,,,37.746,0.5,64.83,0.511,41128772,,,,
AFG,Asia,Afghanistan,2020-05-19,,,,,,,,,,,,,,,,,,,,,,84.26,54.422,18.6,2.581,1.337,1803.987,,597.029,9.59,,,37.746,0.5,64.83,0.511,41128772,,,,
AFG,Asia,Afghanistan,2020-05-20,,,,,,,,,,,,,,,,,,,,,,84.26,54.422,18.6,2.581,1.337,1803.987,,597.029,9.59,,,37.746,0.5,64.83,0.511,41128772,,,,
AFG,Asia,Afghanistan,2020-05-21,,,,,,,,,,,,,,,,,,,,,,84.26,54.422,18.6,2.581,1.337,1803.987,,597.029,9.59,,,37.746,0.5,64.83,0.511,41128772,,,,
AFG,Asia,Afghanistan,2020-05-22,,,,,,,,,,,,,,,,,,,,,,84.26,54.422,18.6,2.581,1.337,1803.987,,597.029,9.59,,,37.746,0.5,64.83,0.511,41128772,,,,
AFG,Asia,Afghanistan,2020-05-23,,,,,,,,,,,,,,,,,,,,,,84.26,54.422,18.6,2.581,1.337,1803.987,,597.029,9.59,,,37.746,0.5,64.83,0.511,41128772,,,,
AFG,Asia,Afghanistan,2020-05-24,,,,,,,,,,,,,,,,,,,,,,84.26,54.422,18.6,2.581,1.337,1803.987,,597.029,9.59,,,37.746,0.5,64.83,0.511,41128772,,,,
AFG,Asia,Afghanistan,2020-05-25,,,,,,,,,,,,,,,,,,,,,,84.26,54.422,18.6,2.581,1.337,1803.987,,597.029,9.59,,,37.746,0.5,64.83,0.511,41128772,,,,
AFG,Asia,Afghanistan,2020-05-26,,,,,,,,,,,,,,,,,,,,,,84.26,54.422,18.6,2.581,1.337,1803.987,,597.029,9.59,,,37.746,0.5,64.83,0.511,41128772,,,,
AFG,Asia,Afghanistan,2020-05-27,,,,,,,,,,,,,,,,,,,,,,84.26,54.422,18.6,2.581,1.337,1803.987,,597.029,9.59,,,37.746,0.5,64.83,0.511,41128772,,,,
AFG,Asia,Afghanistan,2020-05-28,,,,,,,,,,,,,,,,,,,,,,84.26,54.422,18.6,2.581,1.337,1803.987,,597.029,9.59,,,37.746,0.5,64.83,0.511,41128772,,,,
AFG,Asia,Afghanistan,2020-05-29,,,,,,,,,,,,,,,,,,,,,,84.26,54.422,18.6,2.581,1.337,1803.987,,597.029,9.59,,,37.746,0.5,64.83,0.511,41128772,,,,
AFG,Asia,Afghanistan,2020-05-30,,,,,,,,,,,,,,,,,,,,,,84.26,54.422,18.6,2.581,1.337,1803.987,,597.029,9.59,,,37.746,0.5,64.83,0.511,41128772,,,,
AFG,Asia,Afghanistan,2020-05-31,,,,,,,,,,,,,,,,,,,,,,84.26,54.422,18.6,2.581,1.337,1803.987,,597.029,9.59,,,37.746,0.5,64.83,0.511,41128772,,,,
AFG,Asia,Afghanistan,2020-06-01,,,,,,,,,,,,,,,,,,,,,,84.26,54.422,18.6,2.581,1.337,1803.987,,597.029,9.59,,,37.746,0.5,64.83,0.511,41128772,,,,
AFG,Asia,Afghanistan,2020-06-02,,,,,,,,,,,,,,,,,,,,,,84.26,54.422,18.6,2.581,1.337,1803.987,,597.029,9.59,,,37.746,0.5,64.83,0.511,41128772,,,,
AFG,Asia,Afghanistan,2020-06-03,,,,,,,,,,,,,,,,,,,,,,84.26,54.422,18.6,2.581,1.337,1803.987,,597.029,9.59,,,37.746,0.5,64.83,0.511,41128772,,,,
AFG,Asia,Afghanistan,2020-06-04,,,,,,,,,,,,,,,,,,,,,,84.26,54.422,18.6,2.581,1.337,1803.987,,597.029,9.59,,,37.746,0.5,64.83,0.511,41128772,,,,
AFG,Asia,Afghanistan,2020-06-05,,,,,,,,,,,,,,,,,,,,,,84.26,54.422,18.6,2.581,1.337,1803.987,,597.029,9.59,,,37.746,0.5,64.83,0.511,41128772,,,,
AFG,Asia,Afghanistan,2020-06-06,,,,,,,,,,,,,,,,,,,,,,84.26,54.422,18.6,2.581,1.337,1803.987,,597.029,9.59,,,37.746,0.5,64.83,0.511,41128772,,,,
AFG,Asia,Afghanistan,2020-06-07,,,,,,,,,,,,,,,,,,,,,,84.26,54.422,18.6,2.581,1.337,1803.987,,597.029,9.59,,,37.746,0.5,64.83,0.511,41128772,,,,
AFG,Asia,Afghanistan,2020-06-08,,,,,,,,,,,,,,,,,,,,,,84.26,54.422,18.6,2.581,1.337,1803.987,,597.029,9.59,,,37.746,0.5,64.83,0.511,41128772,,,,
AFG,Asia,Afghanistan,2020-06-09,,,,,,,,,,,,,,,,,,,,,,84.26,54.422,18.6,2.581,1.337,1803.987,,597.029,9.59,,,37.746,0.5,64.83,0.511,41128772,,,,
AFG,Asia,Afghanistan,2020-06-10,,,,,,,,,,,,,,,,,,,,,,84.26,54.422,18.6,2.581,1.337,1803.987,,597.029,9.59,,,37.746,0.5,64.83,0.511,41128772,,,,
AFG,Asia,Afghanistan,2020-06-11,,,,,,,,,,,,,,,,,,,,,,84.26,54.422,18.6,2.581,1.337,1803.987,,597.029,9.59,,,37.746,0.5,64.83,0.511,41128772,,,,
AFG,Asia,Afghanistan,2020-06-12,,,,,,,,,,,,,,,,,,,,,,84.26,54.422,18.6,2.581,1.337,1803.987,,597.029,9.59,,,37.746,0.5,64.83,0.511,41128772,,,,
AFG,Asia,Afghanistan,2020-06-13,,,,,,,,,,,,,,,,,,,,,,84.26,54.422,18.6,2.581,1.337,1803.987,,597.029,9.59,,,37.746,0.5,64.83,0.511,41128772,,,,
AFG,Asia,Afghanistan,2020-06-14,,,,,,,,,,,,,,,,,,,,,,84.26,54.422,18.6,2.581,1.337,1803.987,,597.029,9.59,,,37.746,0.5,64.83,0.511,41128772,,,,
AFG,Asia,Afghanistan,2020-06-15,,,,,,,,,,,,,,,,,,,,,,84.26,54.422,18.6,2.581,1.337,1803.987,,597.029,9.59,,,37.746,0.5,64.83,0.511,41128772,,,,
AFG,Asia,Afghanistan,2020-06-16,,,,,,,,,,,,,,,,,,,,,,84.26,54.422,18.6,2.581,1.337,1803.987,,597.029,9.59,,,37.746,0.5,64.83,0.511,41128772,,,,
AFG,Asia,Afghanistan,2020-06-17,,,,,,,,,,,,,,,,,,,,,,84.26,54.422,18.6,2.581,1.337,1803.987,,597.029,9.59,,,37.746,0.5,64.83,0.511,41128772,,,,
AFG,Asia,Afghanistan,2020-06-18,,,,,,,,,,,,,,,,,,,,,,84.26,54.422,18.6,2.581,1.337,1803.987,,597.029,9.59,,,37.746,0.5,64.83,0.511,41128772,,,,
AFG,Asia,Afghanistan,2020-06-19,,,,,,,,,,,,,,,,,,,,,,84.26,54.422,18.6,2.581,1.337,1803.987,,597.029,9.59,,,37.746,0.5,64.83,0.511,41128772,,,,
AFG,Asia,Afghanistan,2020-06-20,,,,,,,,,,,,,,,,,,,,,,84.26,54.422,18.6,2.581,1.337,1803.987,,597.029,9.59,,,37.746,0.5,64.83,0.511,41128772,,,,
AFG,Asia,Afghanistan,2020-06-21,,,,,,,,,,,,,,,,,,,,,,84.26,54.422,18.6,2.581,1.337,1803.987,,597.029,9.59,,,37.746,0.5,64.83,0.511,41128772,,,,
AFG,Asia,Afghanistan,2020-06-22,,,,,,,,,,,,,,,,,,,,,,84.26,54.422,18.6,2.581,1.337,1803.987,,597.029,9.59,,,37.746,0.5,64.83,0.511,41128772,,,,
AFG,Asia,Afghanistan,2020-06-23,,,,,,,,,,,,,,,,,,,,,,84.26,54.422,18.6,2.581,1.337,1803.987,,597.029,9.59,,,37.746,0.5,64.83,0.511,41128772,,,,
AFG,Asia,Afghanistan,2020-06-24,,,,,,,,,,,,,,,,,,,,,,84.26,54.422,18.6,2.581,1.337,1803.987,,597.029,9.59,,,37.746,0.5,64.83,0.511,41128772,,,,
AFG,Asia,Afghanistan,2020-06-25,,,,,,,,,,,,,,,,,,,,,,84.26,54.422,18.6,2.581,1.337,1803.987,,597.029,9.59,,,37.746,0.5,64.83,0.511,41128772,,,,
AFG,Asia,Afghanistan,2020-06-26,,,,,,,,,,,,,,,,,,,,,,84.26,54.422,18.6,2.581,1.337,1803.987,,597.029,9.59,,,37.746,0.5,64.83,0.511,41128772,,,,
AFG,Asia,Afghanistan,2020-06-27,,,,,,,,,,,,,,,,,,,,,,84.26,54.422,18.6,2.581,1.337,1803.987,,597.029,9.59,,,37.746,0.5,64.83,0.511,41128772,,,,
AFG,Asia,Afghanistan,2020-06-28,,,,,,,,,,,,,,,,,,,,,,84.26,54.422,18.6,2.581,1.337,1803.987,,597.029,9.59,,,37.746,0.5,64.83,0.511,41128772,,,,
AFG,Asia,Afghanistan,2020-06-29,,,,,,,,,,,,,,,,,,,,,,84.26,54.422,18.6,2.581,1.337,1803.987,,597.029,9.59,,,37.746,0.5,64.83,0.511,41128772,,,,
AFG,Asia,Afghanistan,2020-06-30,,,,,,,,,,,,,,,,,,,,,,78.7,54.422,18.6,2.581,1.337,1803.987,,597.029,9.59,,,37.746,0.5,64.83,0.511,41128772,,,,
AFG,Asia,Afghanistan,2020-07-01,,,,,,,,,,,,,,,,,,,,,,78.7,54.422,18.6,2.581,1.337,1803.987,,597.029,9.59,,,37.746,0.5,64.83,0.511,41128772,,,,
AFG,Asia,Afghanistan,2020-07-02,,,,,,,,,,,,,,,,,,,,,,78.7,54.422,18.6,2.581,1.337,1803.987,,597.029,9.59,,,37.746,0.5,64.83,0.511,41128772,,,,
AFG,Asia,Afghanistan,2020-07-03,,,,,,,,,,,,,,,,,,,,,,78.7,54.422,18.6,2.581,1.337,1803.987,,597.029,9.59,,,37.746,0.5,64.83,0.511,41128772,,,,
AFG,Asia,Afghanistan,2020-07-04,,,,,,,,,,,,,,,,,,,,,,78.7,54.422,18.6,2.581,1.337,1803.987,,597.029,9.59,,,37.746,0.5,64.83,0.511,41128772,,,,
AFG,Asia,Afghanistan,2020-07-05,,,,,,,,,,,,,,,,,,,,,,78.7,54.422,18.6,2.581,1.337,1803.987,,597.029,9.59,,,37.746,0.5,64.83,0.511,41128772,,,,
AFG,Asia,Afghanistan,2020-07-06,,,,,,,,,,,,,,,,,,,,,,78.7,54.422,18.6,2.581,1.337,1803.987,,597.029,9.59,,,37.746,0.5,64.83,0.511,41128772,,,,
AFG,Asia,Afghanistan,2020-07-07,,,,,,,,,,,,,,,,,,,,,,78.7,54.422,18.6,2.581,1.337,1803.987,,597.029,9.59,,,37.746,0.5,64.83,0.511,41128772,,,,
AFG,Asia,Afghanistan,2020-07-08,,,,,,,,,,,,,,,,,,,,,,78.7,54.422,18.6,2.581,1.337,1803.987,,597.029,9.59,,,37.746,0.5,64.83,0.511,41128772,,,,
AFG,Asia,Afghanistan,2020-07-09,,,,,,,,,,,,,,,,,,,,,,78.7,54.422,18.6,2.581,1.337,1803.987,,597.029,9.59,,,37.746,0.5,64.83,0.511,41128772,,,,
AFG,Asia,Afghanistan,2020-07-10,,,,,,,,,,,,,,,,,,,,,,78.7,54.422,18.6,2.581,1.337,1803.987,,597.029,9.59,,,37.746,0.5,64.83,0.511,41128772,,,,
AFG,Asia,Afghanistan,2020-07-11,,,,,,,,,,,,,,,,,,,,,,78.7,54.422,18.6,2.581,1.337,1803.987,,597.029,9.59,,,37.746,0.5,64.83,0.511,41128772,,,,
AFG,Asia,Afghanistan,2020-07-12,,,,,,,,,,,,,,,,,,,,,,78.7,54.422,18.6,2.581,1.337,1803.987,,597.029,9.59,,,37.746,0.5,64.83,0.511,41128772,,,,
AFG,Asia,Afghanistan,2020-07-13,,,,,,,,,,,,,,,,,,,,,,78.7,54.422,18.6,2.581,1.337,1803.987,,597.029,9.59,,,37.746,0.5,64.83,0.511,41128772,,,,
AFG,Asia,Afghanistan,2020-07-14,,,,,,,,,,,,,,,,,,,,,,78.7,54.422,18.6,2.581,1.337,1803.987,,597.029,9.59,,,37.746,0.5,64.83,0.511,41128772,,,,
AFG,Asia,Afghanistan,2020-07-15,,,,,,,,,,,,,,,,,,,,,,78.7,54.422,18.6,2.581,1.337,1803.987,,597.029,9.59,,,37.746,0.5,64.83,0.511,41128772,,,,
AFG,Asia,Afghanistan,2020-07-16,,,,,,,,,,,,,,,,,,,,,,78.7,54.422,18.6,2.581,1.337,1803.987,,597.029,9.59,,,37.746,0.5,64.83,0.511,41128772,,,,
AFG,Asia,Afghanistan,2020-07-17,,,,,,,,,,,,,,,,,,,,,,78.7,54.422,18.6,2.581,1.337,1803.987,,597.029,9.59,,,37.746,0.5,64.83,0.511,41128772,,,,
AFG,Asia,Afghanistan,2020-07-18,,,,,,,,,,,,,,,,,,,,,,78.7,54.422,18.6,2.581,1.337,1803.987,,597.029,9.59,,,37.746,0.5,64.83,0.511,41128772,,,,
AFG,Asia,Afghanistan,2020-07-19,,,,,,,,,,,,,,,,,,,,,,78.7,54.422,18.6,2.581,1.337,1803.987,,597.029,9.59,,,37.746,0.5,64.83,0.511,41128772,,,,
AFG,Asia,Afghanistan,2020-07-20,,,,,,,,,,,,,,,,,,,,,,78.7,54.422,18.6,2.581,1.337,1803.987,,597.029,9.59,,,37.746,0.5,64.83,0.511,41128772,,,,
AFG,Asia,Afghanistan,2020-07-21,,,,,,,,,,,,,,,,,,,,,,78.7,54.422,18.6,2.581,1.337,1803.987,,597.029,9.59,,,37.746,0.5,64.83,0.511,41128772,,,,
AFG,Asia,Afghanistan,2020-07-22,,,,,,,,,,,,,,,,,,,,,,78.7,54.422,18.6,2.581,1.337,1803.987,,597.029,9.59,,,37.746,0.5,64.83,0.511,41128772,,,,
AFG,Asia,Afghanistan,2020-07-23,,,,,,,,,,,,,,,,,,,,,,78.7,54.422,18.6,2.581,1.337,1803.987,,597.029,9.59,,,37.746,0.5,64.83,0.511,41128772,,,,
AFG,Asia,Afghanistan,2020-07-24,,,,,,,,,,,,,,,,,,,,,,78.7,54.422,18.6,2.581,1.337,1803.987,,597.029,9.59,,,37.746,0.5,64.83,0.511,41128772,,,,
AFG,Asia,Afghanistan,2020-07-25,,,,,,,,,,,,,,,,,,,,,,78.7,54.422,18.6,2.581,1.337,1803.987,,597.029,9.59,,,37.746,0.5,64.83,0.511,41128772,,,,
AFG,Asia,Afghanistan,2020-07-26,,,,,,,,,,,,,,,,,,,,,,78.7,54.422,18.6,2.581,1.337,1803.987,,597.029,9.59,,,37.746,0.5,64.83,0.511,41128772,,,,
AFG,Asia,Afghanistan,2020-07-27,,,,,,,,,,,,,,,,,,,,,,78.7,54.422,18.6,2.581,1.337,1803.987,,597.029,9.59,,,37.746,0.5,64.83,0.511,41128772,,,,
AFG,Asia,Afghanistan,2020-07-28,,,,,,,,,,,,,,,,,,,,,,78.7,54.422,18.6,2.581,1.337,1803.987,,597.029,9.59,,,37.746,0.5,64.83,0.511,41128772,,,,
AFG,Asia,Afghanistan,2020-07-29,,,,,,,,,,,,,,,,,,,,,,78.7,54.422,18.6,2.581,1.337,1803.987,,597.029,9.59,,,37.746,0.5,64.83,0.511,41128772,,,,
AFG,Asia,Afghanistan,2020-07-30,,,,,,,,,,,,,,,,,,,,,,78.7,54.422,18.6,2.581,1.337,1803.987,,597.029,9.59,,,37.746,0.5,64.83,0.511,41128772,,,,
AFG,Asia,Afghanistan,2020-07-31,,,,,,,,,,,,,,,,,,,,,,78.7,54.422,18.6,2.581,1.337,1803.987,,597.029,9.59,,,37.746,0.5,64.83,0.511,41128772,,,,
AFG,Asia,Afghanistan,2020-08-01,,,,,,,,,,,,,,,,,,,,,,78.7,54.422,18.6,2.581,1.337,1803.987,,597.029,9.59,,,37.746,0.5,64.83,0.511,41128772,,,,
AFG,Asia,Afghanistan,2020-08-02,,,,,,,,,,,,,,,,,,,,,,78.7,54.422,18.6,2.581,1.337,1803.987,,597.029,9.59,,,37.746,0.5,64.83,0.511,41128772,,,,
AFG,Asia,Afghanistan,2020-08-03,,,,,,,,,,,,,,,,,,,,,,78.7,54.422,18.6,2.581,1.337,1803.987,,597.029,9.59,,,37.746,0.5,64.83,0.511,41128772,,,,
AFG,Asia,Afghanistan,2020-08-04,,,,,,,,,,,,,,,,,,,,,,75,54.422,18.6,2.581,1.337,1803.987,,597.029,9.59,,,37.746,0.5,64.83,0.511,41128772,,,,
AFG,Asia,Afghanistan,2020-08-05,,,,,,,,,,,,,,,,,,,,,,71.3,54.422,18.6,2.581,1.337,1803.987,,597.029,9.59,,,37.746,0.5,64.83,0.511,41128772,,,,
AFG,Asia,Afghanistan,2020-08-06,,,,,,,,,,,,,,,,,,,,,,71.3,54.422,18.6,2.581,1.337,1803.987,,597.029,9.59,,,37.746,0.5,64.83,0.511,41128772,,,,
AFG,Asia,Afghanistan,2020-08-07,,,,,,,,,,,,,,,,,,,,,,71.3,54.422,18.6,2.581,1.337,1803.987,,597.029,9.59,,,37.746,0.5,64.83,0.511,41128772,,,,
AFG,Asia,Afghanistan,2020-08-08,,,,,,,,,,,,,,,,,,,,,,71.3,54.422,18.6,2.581,1.337,1803.987,,597.029,9.59,,,37.746,0.5,64.83,0.511,41128772,,,,
AFG,Asia,Afghanistan,2020-08-09,,,,,,,,,,,,,,,,,,,,,,71.3,54.422,18.6,2.581,1.337,1803.987,,597.029,9.59,,,37.746,0.5,64.83,0.511,41128772,,,,
AFG,Asia,Afghanistan,2020-08-10,,,,,,,,,,,,,,,,,,,,,,71.3,54.422,18.6,2.581,1.337,1803.987,,597.029,9.59,,,37.746,0.5,64.83,0.511,41128772,,,,
AFG,Asia,Afghanistan,2020-08-11,,,,,,,,,,,,,,,,,,,,,,71.3,54.422,18.6,2.581,1.337,1803.987,,597.029,9.59,,,37.746,0.5,64.83,0.511,41128772,,,,
AFG,Asia,Afghanistan,2020-08-12,,,,,,,,,,,,,,,,,,,,,,71.3,54.422,18.6,2.581,1.337,1803.987,,597.029,9.59,,,37.746,0.5,64.83,0.511,41128772,,,,
AFG,Asia,Afghanistan,2020-08-13,,,,,,,,,,,,,,,,,,,,,,71.3,54.422,18.6,2.581,1.337,1803.987,,597.029,9.59,,,37.746,0.5,64.83,0.511,41128772,,,,
AFG,Asia,Afghanistan,2020-08-14,,,,,,,,,,,,,,,,,,,,,,71.3,54.422,18.6,2.581,1.337,1803.987,,597.029,9.59,,,37.746,0.5,64.83,0.511,41128772,,,,
AFG,Asia,Afghanistan,2020-08-15,,,,,,,,,,,,,,,,,,,,,,60.19,54.422,18.6,2.581,1.337,1803.987,,597.029,9.59,,,37.746,0.5,64.83,0.511,41128772,,,,
AFG,Asia,Afghanistan,2020-08-16,,,,,,,,,,,,,,,,,,,,,,60.19,54.422,18.6,2.581,1.337,1803.987,,597.029,9.59,,,37.746,0.5,64.83,0.511,41128772,,,,
AFG,Asia,Afghanistan,2020-08-17,,,,,,,,,,,,,,,,,,,,,,60.19,54.422,18.6,2.581,1.337,1803.987,,597.029,9.59,,,37.746,0.5,64.83,0.511,41128772,,,,
AFG,Asia,Afghanistan,2020-08-18,,,,,,,,,,,,,,,,,,,,,,48.15,54.422,18.6,2.581,1.337,1803.987,,597.029,9.59,,,37.746,0.5,64.83,0.511,41128772,,,,
AFG,Asia,Afghanistan,2020-08-19,,,,,,,,,,,,,,,,,,,,,,48.15,54.422,18.6,2.581,1.337,1803.987,,597.029,9.59,,,37.746,0.5,64.83,0.511,41128772,,,,
AFG,Asia,Afghanistan,2020-08-20,,,,,,,,,,,,,,,,,,,,,,48.15,54.422,18.6,2.581,1.337,1803.987,,597.029,9.59,,,37.746,0.5,64.83,0.511,41128772,,,,
AFG,Asia,Afghanistan,2020-08-21,,,,,,,,,,,,,,,,,,,,,,48.15,54.422,18.6,2.581,1.337,1803.987,,597.029,9.59,,,37.746,0.5,64.83,0.511,41128772,,,,
AFG,Asia,Afghanistan,2020-08-22,,,,,,,,,,,,,,,,,,,,,,48.15,54.422,18.6,2.581,1.337,1803.987,,597.029,9.59,,,37.746,0.5,64.83,0.511,41128772,,,,
AFG,Asia,Afghanistan,2020-08-23,,,,,,,,,,,,,,,,,,,,,,48.15,54.422,18.6,2.581,1.337,1803.987,,597.029,9.59,,,37.746,0.5,64.83,0.511,41128772,,,,
AFG,Asia,Afghanistan,2020-08-24,,,,,,,,,,,,,,,,,,,,,,48.15,54.422,18.6,2.581,1.337,1803.987,,597.029,9.59,,,37.746,0.5,64.83,0.511,41128772,,,,
AFG,Asia,Afghanistan,2020-08-25,,,,,,,,,,,,,,,,,,,,,,48.15,54.422,18.6,2.581,1.337,1803.987,,597.029,9.59,,,37.746,0.5,64.83,0.511,41128772,,,,
AFG,Asia,Afghanistan,2020-08-26,,,,,,,,,,,,,,,,,,,,,,28.7,54.422,18.6,2.581,1.337,1803.987,,597.029,9.59,,,37.746,0.5,64.83,0.511,41128772,,,,
AFG,Asia,Afghanistan,2020-08-27,,,,,,,,,,,,,,,,,,,,,,28.7,54.422,18.6,2.581,1.337,1803.987,,597.029,9.59,,,37.746,0.5,64.83,0.511,41128772,,,,
AFG,Asia,Afghanistan,2020-08-28,,,,,,,,,,,,,,,,,,,,,,28.7,54.422,18.6,2.581,1.337,1803.987,,597.029,9.59,,,37.746,0.5,64.83,0.511,41128772,,,,
AFG,Asia,Afghanistan,2020-08-29,,,,,,,,,,,,,,,,,,,,,,28.7,54.422,18.6,2.581,1.337,1803.987,,597.029,9.59,,,37.746,0.5,64.83,0.511,41128772,,,,
AFG,Asia,Afghanistan,2020-08-30,,,,,,,,,,,,,,,,,,,,,,28.7,54.422,18.6,2.581,1.337,1803.987,,597.029,9.59,,,37.746,0.5,64.83,0.511,41128772,,,,
AFG,Asia,Afghanistan,2020-08-31,,,,,,,,,,,,,,,,,,,,,,28.7,54.422,18.6,2.581,1.337,1803.987,,597.029,9.59,,,37.746,0.5,64.83,0.511,41128772,,,,
AFG,Asia,Afghanistan,2020-09-01,,,,,,,,,,,,,,,,,,,,,,28.7,54.422,18.6,2.581,1.337,1803.987,,597.029,9.59,,,37.746,0.5,64.83,0.511,41128772,,,,
AFG,Asia,Afghanistan,2020-09-02,,,,,,,,,,,,,,,,,,,,,,28.7,54.422,18.6,2.581,1.337,1803.987,,597.029,9.59,,,37.746,0.5,64.83,0.511,41128772,,,,
AFG,Asia,Afghanistan,2020-09-03,,,,,,,,,,,,,,,,,,,,,,28.7,54.422,18.6,2.581,1.337,1803.987,,597.029,9.59,,,37.746,0.5,64.83,0.511,41128772,,,,
AFG,Asia,Afghanistan,2020-09-04,,,,,,,,,,,,,,,,,,,,,,28.7,54.422,18.6,2.581,1.337,1803.987,,597.029,9.59,,,37.746,0.5,64.83,0.511,41128772,,,,
AFG,Asia,Afghanistan,2020-09-05,,,,,,,,,,,,,,,,,,,,,,28.7,54.422,18.6,2.581,1.337,1803.987,,597.029,9.59,,,37.746,0.5,64.83,0.511,41128772,,,,
AFG,Asia,Afghanistan,2020-09-06,,,,,,,,,,,,,,,,,,,,,,28.7,54.422,18.6,2.581,1.337,1803.987,,597.029,9.59,,,37.746,0.5,64.83,0.511,41128772,,,,
AFG,Asia,Afghanistan,2020-09-07,,,,,,,,,,,,,,,,,,,,,,28.7,54.422,18.6,2.581,1.337,1803.987,,597.029,9.59,,,37.746,0.5,64.83,0.511,41128772,,,,
AFG,Asia,Afghanistan,2020-09-08,,,,,,,,,,,,,,,,,,,,,,28.7,54.422,18.6,2.581,1.337,1803.987,,597.029,9.59,,,37.746,0.5,64.83,0.511,41128772,,,,
AFG,Asia,Afghanistan,2020-09-09,,,,,,,,,,,,,,,,,,,,,,28.7,54.422,18.6,2.581,1.337,1803.987,,597.029,9.59,,,37.746,0.5,64.83,0.511,41128772,,,,
AFG,Asia,Afghanistan,2020-09-10,,,,,,,,,,,,,,,,,,,,,,28.7,54.422,18.6,2.581,1.337,1803.987,,597.029,9.59,,,37.746,0.5,64.83,0.511,41128772,,,,
AFG,Asia,Afghanistan,2020-09-11,,,,,,,,,,,,,,,,,,,,,,28.7,54.422,18.6,2.581,1.337,1803.987,,597.029,9.59,,,37.746,0.5,64.83,0.511,41128772,,,,
AFG,Asia,Afghanistan,2020-09-12,,,,,,,,,,,,,,,,,,,,,,28.7,54.422,18.6,2.581,1.337,1803.987,,597.029,9.59,,,37.746,0.5,64.83,0.511,41128772,,,,
AFG,Asia,Afghanistan,2020-09-13,,,,,,,,,,,,,,,,,,,,,,28.7,54.422,18.6,2.581,1.337,1803.987,,597.029,9.59,,,37.746,0.5,64.83,0.511,41128772,,,,
AFG,Asia,Afghanistan,2020-09-14,,,,,,,,,,,,,,,,,,,,,,28.7,54.422,18.6,2.581,1.337,1803.987,,597.029,9.59,,,37.746,0.5,64.83,0.511,41128772,,,,
AFG,Asia,Afghanistan,2020-09-15,,,,,,,,,,,,,,,,,,,,,,28.7,54.422,18.6,2.581,1.337,1803.987,,597.029,9.59,,,37.746,0.5,64.83,0.511,41128772,,,,
AFG,Asia,Afghanistan,2020-09-16,,,,,,,,,,,,,,,,,,,,,,28.7,54.422,18.6,2.581,1.337,1803.987,,597.029,9.59,,,37.746,0.5,64.83,0.511,41128772,,,,
AFG,Asia,Afghanistan,2020-09-17,,,,,,,,,,,,,,,,,,,,,,28.7,54.422,18.6,2.581,1.337,1803.987,,597.029,9.59,,,37.746,0.5,64.83,0.511,41128772,,,,
AFG,Asia,Afghanistan,2020-09-18,,,,,,,,,,,,,,,,,,,,,,28.7,54.422,18.6,2.581,1.337,1803.987,,597.029,9.59,,,37.746,0.5,64.83,0.511,41128772,,,,
AFG,Asia,Afghanistan,2020-09-19,,,,,,,,,,,,,,,,,,,,,,28.7,54.422,18.6,2.581,1.337,1803.987,,597.029,9.59,,,37.746,0.5,64.83,0.511,41128772,,,,
AFG,Asia,Afghanistan,2020-09-20,,,,,,,,,,,,,,,,,,,,,,28.7,54.422,18.6,2.581,1.337,1803.987,,597.029,9.59,,,37.746,0.5,64.83,0.511,41128772,,,,
AFG,Asia,Afghanistan,2020-09-21,,,,,,,,,,,,,,,,,,,,,,28.7,54.422,18.6,2.581,1.337,1803.987,,597.029,9.59,,,37.746,0.5,64.83,0.511,41128772,,,,
AFG,Asia,Afghanistan,2020-09-22,,,,,,,,,,,,,,,,,,,,,,28.7,54.422,18.6,2.581,1.337,1803.987,,597.029,9.59,,,37.746,0.5,64.83,0.511,41128772,,,,
AFG,Asia,Afghanistan,2020-09-23,,,,,,,,,,,,,,,,,,,,,,28.7,54.422,18.6,2.581,1.337,1803.987,,597.029,9.59,,,37.746,0.5,64.83,0.511,41128772,,,,
AFG,Asia,Afghanistan,2020-09-24,,,,,,,,,,,,,,,,,,,,,,28.7,54.422,18.6,2.581,1.337,1803.987,,597.029,9.59,,,37.746,0.5,64.83,0.511,41128772,,,,
AFG,Asia,Afghanistan,2020-09-25,,,,,,,,,,,,,,,,,,,,,,28.7,54.422,18.6,2.581,1.337,1803.987,,597.029,9.59,,,37.746,0.5,64.83,0.511,41128772,,,,
AFG,Asia,Afghanistan,2020-09-26,,,,,,,,,,,,,,,,,,,,,,28.7,54.422,18.6,2.581,1.337,1803.987,,597.029,9.59,,,37.746,0.5,64.83,0.511,41128772,,,,
AFG,Asia,Afghanistan,2020-09-27,,,,,,,,,,,,,,,,,,,,,,28.7,54.422,18.6,2.581,1.337,1803.987,,597.029,9.59,,,37.746,0.5,64.83,0.511,41128772,,,,
AFG,Asia,Afghanistan,2020-09-28,,,,,,,,,,,,,,,,,,,,,,28.7,54.422,18.6,2.581,1.337,1803.987,,597.029,9.59,,,37.746,0.5,64.83,0.511,41128772,,,,
AFG,Asia,Afghanistan,2020-09-29,,,,,,,,,,,,,,,,,,,,,,28.7,54.422,18.6,2.581,1.337,1803.987,,597.029,9.59,,,37.746,0.5,64.83,0.511,41128772,,,,
AFG,Asia,Afghanistan,2020-09-30,,,,,,,,,,,,,,,,,,,,,,28.7,54.422,18.6,2.581,1.337,1803.987,,597.029,9.59,,,37.746,0.5,64.83,0.511,41128772,,,,
AFG,Asia,Afghanistan,2020-10-01,,,,,,,,,,,,,,,,,,,,,,28.7,54.422,18.6,2.581,1.337,1803.987,,597.029,9.59,,,37.746,0.5,64.83,0.511,41128772,,,,
AFG,Asia,Afghanistan,2020-10-02,,,,,,,,,,,,,,,,,,,,,,28.7,54.422,18.6,2.581,1.337,1803.987,,597.029,9.59,,,37.746,0.5,64.83,0.511,41128772,,,,
AFG,Asia,Afghanistan,2020-10-03,,,,,,,,,,,,,,,,,,,,,,25,54.422,18.6,2.581,1.337,1803.987,,597.029,9.59,,,37.746,0.5,64.83,0.511,41128772,,,,
AFG,Asia,Afghanistan,2020-10-04,,,,,,,,,,,,,,,,,,,,,,25,54.422,18.6,2.581,1.337,1803.987,,597.029,9.59,,,37.746,0.5,64.83,0.511,41128772,,,,
AFG,Asia,Afghanistan,2020-10-05,,,,,,,,,,,,,,,,,,,,,,25,54.422,18.6,2.581,1.337,1803.987,,597.029,9.59,,,37.746,0.5,64.83,0.511,41128772,,,,
AFG,Asia,Afghanistan,2020-10-06,,,,,,,,,,,,,,,,,,,,,,16.67,54.422,18.6,2.581,1.337,1803.987,,597.029,9.59,,,37.746,0.5,64.83,0.511,41128772,,,,
AFG,Asia,Afghanistan,2020-10-07,,,,,,,,,,,,,,,,,,,,,,16.67,54.422,18.6,2.581,1.337,1803.987,,597.029,9.59,,,37.746,0.5,64.83,0.511,41128772,,,,
AFG,Asia,Afghanistan,2020-10-08,,,,,,,,,,,,,,,,,,,,,,16.67,54.422,18.6,2.581,1.337,1803.987,,597.029,9.59,,,37.746,0.5,64.83,0.511,41128772,,,,
AFG,Asia,Afghanistan,2020-10-09,,,,,,,,,,,,,,,,,,,,,,16.67,54.422,18.6,2.581,1.337,1803.987,,597.029,9.59,,,37.746,0.5,64.83,0.511,41128772,,,,
AFG,Asia,Afghanistan,2020-10-10,,,,,,,,,,,,,,,,,,,,,,16.67,54.422,18.6,2.581,1.337,1803.987,,597.029,9.59,,,37.746,0.5,64.83,0.511,41128772,,,,
AFG,Asia,Afghanistan,2020-10-11,,,,,,,,,,,,,,,,,,,,,,16.67,54.422,18.6,2.581,1.337,1803.987,,597.029,9.59,,,37.746,0.5,64.83,0.511,41128772,,,,
AFG,Asia,Afghanistan,2020-10-12,,,,,,,,,,,,,,,,,,,,,,16.67,54.422,18.6,2.581,1.337,1803.987,,597.029,9.59,,,37.746,0.5,64.83,0.511,41128772,,,,
AFG,Asia,Afghanistan,2020-10-13,,,,,,,,,,,,,,,,,,,,,,16.67,54.422,18.6,2.581,1.337,1803.987,,597.029,9.59,,,37.746,0.5,64.83,0.511,41128772,,,,
AFG,Asia,Afghanistan,2020-10-14,,,,,,,,,,,,,,,,,,,,,,16.67,54.422,18.6,2.581,1.337,1803.987,,597.029,9.59,,,37.746,0.5,64.83,0.511,41128772,,,,
AFG,Asia,Afghanistan,2020-10-15,,,,,,,,,,,,,,,,,,,,,,16.67,54.422,18.6,2.581,1.337,1803.987,,597.029,9.59,,,37.746,0.5,64.83,0.511,41128772,,,,
AFG,Asia,Afghanistan,2020-10-16,,,,,,,,,,,,,,,,,,,,,,16.67,54.422,18.6,2.581,1.337,1803.987,,597.029,9.59,,,37.746,0.5,64.83,0.511,41128772,,,,
AFG,Asia,Afghanistan,2020-10-17,,,,,,,,,,,,,,,,,,,,,,16.67,54.422,18.6,2.581,1.337,1803.987,,597.029,9.59,,,37.746,0.5,64.83,0.511,41128772,,,,
AFG,Asia,Afghanistan,2020-10-18,,,,,,,,,,,,,,,,,,,,,,16.67,54.422,18.6,2.581,1.337,1803.987,,597.029,9.59,,,37.746,0.5,64.83,0.511,41128772,,,,
AFG,Asia,Afghanistan,2020-10-19,,,,,,,,,,,,,,,,,,,,,,16.67,54.422,18.6,2.581,1.337,1803.987,,597.029,9.59,,,37.746,0.5,64.83,0.511,41128772,,,,
AFG,Asia,Afghanistan,2020-10-20,,,,,,,,,,,,,,,,,,,,,,16.67,54.422,18.6,2.581,1.337,1803.987,,597.029,9.59,,,37.746,0.5,64.83,0.511,41128772,,,,
AFG,Asia,Afghanistan,2020-10-21,,,,,,,,,,,,,,,,,,,,,,16.67,54.422,18.6,2.581,1.337,1803.987,,597.029,9.59,,,37.746,0.5,64.83,0.511,41128772,,,,
AFG,Asia,Afghanistan,2020-10-22,,,,,,,,,,,,,,,,,,,,,,16.67,54.422,18.6,2.581,1.337,1803.987,,597.029,9.59,,,37.746,0.5,64.83,0.511,41128772,,,,
AFG,Asia,Afghanistan,2020-10-23,,,,,,,,,,,,,,,,,,,,,,16.67,54.422,18.6,2.581,1.337,1803.987,,597.029,9.59,,,37.746,0.5,64.83,0.511,41128772,,,,
AFG,Asia,Afghanistan,2020-10-24,,,,,,,,,,,,,,,,,,,,,,16.67,54.422,18.6,2.581,1.337,1803.987,,597.029,9.59,,,37.746,0.5,64.83,0.511,41128772,,,,
AFG,Asia,Afghanistan,2020-10-25,,,,,,,,,,,,,,,,,,,,,,16.67,54.422,18.6,2.581,1.337,1803.987,,597.029,9.59,,,37.746,0.5,64.83,0.511,41128772,,,,
AFG,Asia,Afghanistan,2020-10-26,,,,,,,,,,,,,,,,,,,,,,16.67,54.422,18.6,2.581,1.337,1803.987,,597.029,9.59,,,37.746,0.5,64.83,0.511,41128772,,,,
AFG,Asia,Afghanistan,2020-10-27,,,,,,,,,,,,,,,,,,,,,,9.26,54.422,18.6,2.581,1.337,1803.987,,597.029,9.59,,,37.746,0.5,64.83,0.511,41128772,,,,
AFG,Asia,Afghanistan,2020-10-28,,,,,,,,,,,,,,,,,,,,,,9.26,54.422,18.6,2.581,1.337,1803.987,,597.029,9.59,,,37.746,0.5,64.83,0.511,41128772,,,,
AFG,Asia,Afghanistan,2020-10-29,,,,,,,,,,,,,,,,,,,,,,9.26,54.422,18.6,2.581,1.337,1803.987,,597.029,9.59,,,37.746,0.5,64.83,0.511,41128772,,,,
AFG,Asia,Afghanistan,2020-10-30,,,,,,,,,,,,,,,,,,,,,,9.26,54.422,18.6,2.581,1.337,1803.987,,597.029,9.59,,,37.746,0.5,64.83,0.511,41128772,,,,
AFG,Asia,Afghanistan,2020-10-31,,,,,,,,,,,,,,,,,,,,,,9.26,54.422,18.6,2.581,1.337,1803.987,,597.029,9.59,,,37.746,0.5,64.83,0.511,41128772,,,,
AFG,Asia,Afghanistan,2020-11-01,,,,,,,,,,,,,,,,,,,,,,9.26,54.422,18.6,2.581,1.337,1803.987,,597.029,9.59,,,37.746,0.5,64.83,0.511,41128772,,,,
AFG,Asia,Afghanistan,2020-11-02,,,,,,,,,,,,,,,,,,,,,,9.26,54.422,18.6,2.581,1.337,1803.987,,597.029,9.59,,,37.746,0.5,64.83,0.511,41128772,,,,
AFG,Asia,Afghanistan,2020-11-03,,,,,,,,,,,,,,,,,,,,,,9.26,54.422,18.6,2.581,1.337,1803.987,,597.029,9.59,,,37.746,0.5,64.83,0.511,41128772,,,,
AFG,Asia,Afghanistan,2020-11-04,,,,,,,,,,,,,,,,,,,,,,9.26,54.422,18.6,2.581,1.337,1803.987,,597.029,9.59,,,37.746,0.5,64.83,0.511,41128772,,,,
AFG,Asia,Afghanistan,2020-11-05,,,,,,,,,,,,,,,,,,,,,,9.26,54.422,18.6,2.581,1.337,1803.987,,597.029,9.59,,,37.746,0.5,64.83,0.511,41128772,,,,
AFG,Asia,Afghanistan,2020-11-06,,,,,,,,,,,,,,,,,,,,,,9.26,54.422,18.6,2.581,1.337,1803.987,,597.029,9.59,,,37.746,0.5,64.83,0.511,41128772,,,,
AFG,Asia,Afghanistan,2020-11-07,,,,,,,,,,,,,,,,,,,,,,9.26,54.422,18.6,2.581,1.337,1803.987,,597.029,9.59,,,37.746,0.5,64.83,0.511,41128772,,,,
AFG,Asia,Afghanistan,2020-11-08,,,,,,,,,,,,,,,,,,,,,,9.26,54.422,18.6,2.581,1.337,1803.987,,597.029,9.59,,,37.746,0.5,64.83,0.511,41128772,,,,
AFG,Asia,Afghanistan,2020-11-09,,,,,,,,,,,,,,,,,,,,,,12.04,54.422,18.6,2.581,1.337,1803.987,,597.029,9.59,,,37.746,0.5,64.83,0.511,41128772,,,,
AFG,Asia,Afghanistan,2020-11-10,,,,,,,,,,,,,,,,,,,,,,12.04,54.422,18.6,2.581,1.337,1803.987,,597.029,9.59,,,37.746,0.5,64.83,0.511,41128772,,,,
AFG,Asia,Afghanistan,2020-11-11,,,,,,,,,,,,,,,,,,,,,,12.04,54.422,18.6,2.581,1.337,1803.987,,597.029,9.59,,,37.746,0.5,64.83,0.511,41128772,,,,
AFG,Asia,Afghanistan,2020-11-12,,,,,,,,,,,,,,,,,,,,,,12.04,54.422,18.6,2.581,1.337,1803.987,,597.029,9.59,,,37.746,0.5,64.83,0.511,41128772,,,,
AFG,Asia,Afghanistan,2020-11-13,,,,,,,,,,,,,,,,,,,,,,12.04,54.422,18.6,2.581,1.337,1803.987,,597.029,9.59,,,37.746,0.5,64.83,0.511,41128772,,,,
AFG,Asia,Afghanistan,2020-11-14,,,,,,,,,,,,,,,,,,,,,,12.04,54.422,18.6,2.581,1.337,1803.987,,597.029,9.59,,,37.746,0.5,64.83,0.511,41128772,,,,
AFG,Asia,Afghanistan,2020-11-15,,,,,,,,,,,,,,,,,,,,,,12.04,54.422,18.6,2.581,1.337,1803.987,,597.029,9.59,,,37.746,0.5,64.83,0.511,41128772,,,,
AFG,Asia,Afghanistan,2020-11-16,,,,,,,,,,,,,,,,,,,,,,12.04,54.422,18.6,2.581,1.337,1803.987,,597.029,9.59,,,37.746,0.5,64.83,0.511,41128772,,,,
AFG,Asia,Afghanistan,2020-11-17,,,,,,,,,,,,,,,,,,,,,,12.04,54.422,18.6,2.581,1.337,1803.987,,597.029,9.59,,,37.746,0.5,64.83,0.511,41128772,,,,
AFG,Asia,Afghanistan,2020-11-18,,,,,,,,,,,,,,,,,,,,,,12.04,54.422,18.6,2.581,1.337,1803.987,,597.029,9.59,,,37.746,0.5,64.83,0.511,41128772,,,,
AFG,Asia,Afghanistan,2020-11-19,,,,,,,,,,,,,,,,,,,,,,12.04,54.422,18.6,2.581,1.337,1803.987,,597.029,9.59,,,37.746,0.5,64.83,0.511,41128772,,,,
AFG,Asia,Afghanistan,2020-11-20,,,,,,,,,,,,,,,,,,,,,,12.04,54.422,18.6,2.581,1.337,1803.987,,597.029,9.59,,,37.746,0.5,64.83,0.511,41128772,,,,
AFG,Asia,Afghanistan,2020-11-21,,,,,,,,,,,,,,,,,,,,,,12.04,54.422,18.6,2.581,1.337,1803.987,,597.029,9.59,,,37.746,0.5,64.83,0.511,41128772,,,,
AFG,Asia,Afghanistan,2020-11-22,,,,,,,,,,,,,,,,,,,,,,12.04,54.422,18.6,2.581,1.337,1803.987,,597.029,9.59,,,37.746,0.5,64.83,0.511,41128772,,,,
AFG,Asia,Afghanistan,2020-11-23,,,,,,,,,,,,,,,,,,,,,,12.04,54.422,18.6,2.581,1.337,1803.987,,597.029,9.59,,,37.746,0.5,64.83,0.511,41128772,,,,
AFG,Asia,Afghanistan,2020-11-24,,,,,,,,,,,,,,,,,,,,,,12.04,54.422,18.6,2.581,1.337,1803.987,,597.029,9.59,,,37.746,0.5,64.83,0.511,41128772,,,,
AFG,Asia,Afghanistan,2020-11-25,,,,,,,,,,,,,,,,,,,,,,12.04,54.422,18.6,2.581,1.337,1803.987,,597.029,9.59,,,37.746,0.5,64.83,0.511,41128772,,,,
AFG,Asia,Afghanistan,2020-11-26,,,,,,,,,,,,,,,,,,,,,,12.04,54.422,18.6,2.581,1.337,1803.987,,597.029,9.59,,,37.746,0.5,64.83,0.511,41128772,,,,
AFG,Asia,Afghanistan,2020-11-27,,,,,,,,,,,,,,,,,,,,,,12.04,54.422,18.6,2.581,1.337,1803.987,,597.029,9.59,,,37.746,0.5,64.83,0.511,41128772,,,,
AFG,Asia,Afghanistan,2020-11-28,,,,,,,,,,,,,,,,,,,,,,12.04,54.422,18.6,2.581,1.337,1803.987,,597.029,9.59,,,37.746,0.5,64.83,0.511,41128772,,,,
AFG,Asia,Afghanistan,2020-11-29,,,,,,,,,,,,,,,,,,,,,,12.04,54.422,18.6,2.581,1.337,1803.987,,597.029,9.59,,,37.746,0.5,64.83,0.511,41128772,,,,
AFG,Asia,Afghanistan,2020-11-30,,,,,,,,,,,,,,,,,,,,,,12.04,54.422,18.6,2.581,1.337,1803.987,,597.029,9.59,,,37.746,0.5,64.83,0.511,41128772,,,,
AFG,Asia,Afghanistan,2020-12-01,,,,,,,,,,,,,,,,,,,,,,12.04,54.422,18.6,2.581,1.337,1803.987,,597.029,9.59,,,37.746,0.5,64.83,0.511,41128772,,,,
AFG,Asia,Afghanistan,2020-12-02,,,,,,,,,,,,,,,,,,,,,,12.04,54.422,18.6,2.581,1.337,1803.987,,597.029,9.59,,,37.746,0.5,64.83,0.511,41128772,,,,
AFG,Asia,Afghanistan,2020-12-03,,,,,,,,,,,,,,,,,,,,,,12.04,54.422,18.6,2.581,1.337,1803.987,,597.029,9.59,,,37.746,0.5,64.83,0.511,41128772,,,,
AFG,Asia,Afghanistan,2020-12-04,,,,,,,,,,,,,,,,,,,,,,12.04,54.422,18.6,2.581,1.337,1803.987,,597.029,9.59,,,37.746,0.5,64.83,0.511,41128772,,,,
AFG,Asia,Afghanistan,2020-12-05,,,,,,,,,,,,,,,,,,,,,,12.04,54.422,18.6,2.581,1.337,1803.987,,597.029,9.59,,,37.746,0.5,64.83,0.511,41128772,,,,
AFG,Asia,Afghanistan,2020-12-06,,,,,,,,,,,,,,,,,,,,,,12.04,54.422,18.6,2.581,1.337,1803.987,,597.029,9.59,,,37.746,0.5,64.83,0.511,41128772,,,,
AFG,Asia,Afghanistan,2020-12-07,,,,,,,,,,,,,,,,,,,,,,12.04,54.422,18.6,2.581,1.337,1803.987,,597.029,9.59,,,37.746,0.5,64.83,0.511,41128772,,,,
AFG,Asia,Afghanistan,2020-12-08,,,,,,,,,,,,,,,,,,,,,,12.04,54.422,18.6,2.581,1.337,1803.987,,597.029,9.59,,,37.746,0.5,64.83,0.511,41128772,,,,
AFG,Asia,Afghanistan,2020-12-09,,,,,,,,,,,,,,,,,,,,,,12.04,54.422,18.6,2.581,1.337,1803.987,,597.029,9.59,,,37.746,0.5,64.83,0.511,41128772,,,,
AFG,Asia,Afghanistan,2020-12-10,,,,,,,,,,,,,,,,,,,,,,12.04,54.422,18.6,2.581,1.337,1803.987,,597.029,9.59,,,37.746,0.5,64.83,0.511,41128772,,,,
AFG,Asia,Afghanistan,2020-12-11,,,,,,,,,,,,,,,,,,,,,,12.04,54.422,18.6,2.581,1.337,1803.987,,597.029,9.59,,,37.746,0.5,64.83,0.511,41128772,,,,
AFG,Asia,Afghanistan,2020-12-12,,,,,,,,,,,,,,,,,,,,,,12.04,54.422,18.6,2.581,1.337,1803.987,,597.029,9.59,,,37.746,0.5,64.83,0.511,41128772,,,,
AFG,Asia,Afghanistan,2020-12-13,,,,,,,,,,,,,,,,,,,,,,12.04,54.422,18.6,2.581,1.337,1803.987,,597.029,9.59,,,37.746,0.5,64.83,0.511,41128772,,,,
AFG,Asia,Afghanistan,2020-12-14,,,,,,,,,,,,,,,,,,,,,,12.04,54.422,18.6,2.581,1.337,1803.987,,597.029,9.59,,,37.746,0.5,64.83,0.511,41128772,,,,
AFG,Asia,Afghanistan,2020-12-15,,,,,,,,,,,,,,,,,,,,,,12.04,54.422,18.6,2.581,1.337,1803.987,,597.029,9.59,,,37.746,0.5,64.83,0.511,41128772,,,,
AFG,Asia,Afghanistan,2020-12-16,,,,,,,,,,,,,,,,,,,,,,12.04,54.422,18.6,2.581,1.337,1803.987,,597.029,9.59,,,37.746,0.5,64.83,0.511,41128772,,,,
AFG,Asia,Afghanistan,2020-12-17,,,,,,,,,,,,,,,,,,,,,,12.04,54.422,18.6,2.581,1.337,1803.987,,597.029,9.59,,,37.746,0.5,64.83,0.511,41128772,,,,
AFG,Asia,Afghanistan,2020-12-18,,,,,,,,,,,,,,,,,,,,,,12.04,54.422,18.6,2.581,1.337,1803.987,,597.029,9.59,,,37.746,0.5,64.83,0.511,41128772,,,,
AFG,Asia,Afghanistan,2020-12-19,,,,,,,,,,,,,,,,,,,,,,12.04,54.422,18.6,2.581,1.337,1803.987,,597.029,9.59,,,37.746,0.5,64.83,0.511,41128772,,,,
AFG,Asia,Afghanistan,2020-12-20,,,,,,,,,,,,,,,,,,,,,,12.04,54.422,18.6,2.581,1.337,1803.987,,597.029,9.59,,,37.746,0.5,64.83,0.511,41128772,,,,
AFG,Asia,Afghanistan,2020-12-21,,,,,,,,,,,,,,,,,,,,,,12.04,54.422,18.6,2.581,1.337,1803.987,,597.029,9.59,,,37.746,0.5,64.83,0.511,41128772,,,,
AFG,Asia,Afghanistan,2020-12-22,,,,,,,,,,,,,,,,,,,,,,12.04,54.422,18.6,2.581,1.337,1803.987,,597.029,9.59,,,37.746,0.5,64.83,0.511,41128772,,,,
AFG,Asia,Afghanistan,2020-12-23,,,,,,,,,,,,,,,,,,,,,,12.04,54.422,18.6,2.581,1.337,1803.987,,597.029,9.59,,,37.746,0.5,64.83,0.511,41128772,,,,
AFG,Asia,Afghanistan,2020-12-24,,,,,,,,,,,,,,,,,,,,,,12.04,54.422,18.6,2.581,1.337,1803.987,,597.029,9.59,,,37.746,0.5,64.83,0.511,41128772,,,,
AFG,Asia,Afghanistan,2020-12-25,,,,,,,,,,,,,,,,,,,,,,12.04,54.422,18.6,2.581,1.337,1803.987,,597.029,9.59,,,37.746,0.5,64.83,0.511,41128772,,,,
AFG,Asia,Afghanistan,2020-12-26,,,,,,,,,,,,,,,,,,,,,,12.04,54.422,18.6,2.581,1.337,1803.987,,597.029,9.59,,,37.746,0.5,64.83,0.511,41128772,,,,
AFG,Asia,Afghanistan,2020-12-27,,,,,,,,,,,,,,,,,,,,,,12.04,54.422,18.6,2.581,1.337,1803.987,,597.029,9.59,,,37.746,0.5,64.83,0.511,41128772,,,,
AFG,Asia,Afghanistan,2020-12-28,,,,,,,,,,,,,,,,,,,,,,12.04,54.422,18.6,2.581,1.337,1803.987,,597.029,9.59,,,37.746,0.5,64.83,0.511,41128772,,,,
AFG,Asia,Afghanistan,2020-12-29,,,,,,,,,,,,,,,,,,,,,,12.04,54.422,18.6,2.581,1.337,1803.987,,597.029,9.59,,,37.746,0.5,64.83,0.511,41128772,,,,
AFG,Asia,Afghanistan,2020-12-30,,,,,,,,,,,,,,,,,,,,,,12.04,54.422,18.6,2.581,1.337,1803.987,,597.029,9.59,,,37.746,0.5,64.83,0.511,41128772,,,,
AFG,Asia,Afghanistan,2020-12-31,,,,,,,,,,,,,,,,,,,,,,12.04,54.422,18.6,2.581,1.337,1803.987,,597.029,9.59,,,37.746,0.5,64.83,0.511,41128772,,,,
AFG,Asia,Afghanistan,2021-01-01,,,,,,,,,,,,,,,,,,,,,,12.04,54.422,18.6,2.581,1.337,1803.987,,597.029,9.59,,,37.746,0.5,64.83,0.511,41128772,,,,
AFG,Asia,Afghanistan,2021-01-02,,,,,,,,,,,,,,,,,,,,,,12.04,54.422,18.6,2.581,1.337,1803.987,,597.029,9.59,,,37.746,0.5,64.83,0.511,41128772,,,,
AFG,Asia,Afghanistan,2021-01-03,,,,,,,,,,,,,,,,,,,,,,12.04,54.422,18.6,2.581,1.337,1803.987,,597.029,9.59,,,37.746,0.5,64.83,0.511,41128772,,,,
AFG,Asia,Afghanistan,2021-01-04,,,,,,,,,,,,,,,,,,,,,,12.04,54.422,18.6,2.581,1.337,1803.987,,597.029,9.59,,,37.746,0.5,64.83,0.511,41128772,,,,
AFG,Asia,Afghanistan,2021-01-05,,,,,,,,,,,,,,,,,,,,,,12.04,54.422,18.6,2.581,1.337,1803.987,,597.029,9.59,,,37.746,0.5,64.83,0.511,41128772,,,,
AFG,Asia,Afghanistan,2021-01-06,,,,,,,,,,,,,,,,,,,,,,12.04,54.422,18.6,2.581,1.337,1803.987,,597.029,9.59,,,37.746,0.5,64.83,0.511,41128772,,,,
AFG,Asia,Afghanistan,2021-01-07,,,,,,,,,,,,,,,,,,,,,,12.04,54.422,18.6,2.581,1.337,1803.987,,597.029,9.59,,,37.746,0.5,64.83,0.511,41128772,,,,
AFG,Asia,Afghanistan,2021-01-08,,,,,,,,,,,,,,,,,,,,,,12.04,54.422,18.6,2.581,1.337,1803.987,,597.029,9.59,,,37.746,0.5,64.83,0.511,41128772,,,,
AFG,Asia,Afghanistan,2021-01-09,,,,,,,,,,,,,,,,,,,,,,12.04,54.422,18.6,2.581,1.337,1803.987,,597.029,9.59,,,37.746,0.5,64.83,0.511,41128772,,,,
AFG,Asia,Afghanistan,2021-01-10,,,,,,,,,,,,,,,,,,,,,,12.04,54.422,18.6,2.581,1.337,1803.987,,597.029,9.59,,,37.746,0.5,64.83,0.511,41128772,,,,
AFG,Asia,Afghanistan,2021-01-11,,,,,,,,,,,,,,,,,,,,,,12.04,54.422,18.6,2.581,1.337,1803.987,,597.029,9.59,,,37.746,0.5,64.83,0.511,41128772,,,,
AFG,Asia,Afghanistan,2021-01-12,,,,,,,,,,,,,,,,,,,,,,12.04,54.422,18.6,2.581,1.337,1803.987,,597.029,9.59,,,37.746,0.5,64.83,0.511,41128772,,,,
AFG,Asia,Afghanistan,2021-01-13,,,,,,,,,,,,,,,,,,,,,,12.04,54.422,18.6,2.581,1.337,1803.987,,597.029,9.59,,,37.746,0.5,64.83,0.511,41128772,,,,
AFG,Asia,Afghanistan,2021-01-14,,,,,,,,,,,,,,,,,,,,,,12.04,54.422,18.6,2.581,1.337,1803.987,,597.029,9.59,,,37.746,0.5,64.83,0.511,41128772,,,,
AFG,Asia,Afghanistan,2021-01-15,,,,,,,,,,,,,,,,,,,,,,12.04,54.422,18.6,2.581,1.337,1803.987,,597.029,9.59,,,37.746,0.5,64.83,0.511,41128772,,,,
AFG,Asia,Afghanistan,2021-01-16,,,,,,,,,,,,,,,,,,,,,,12.04,54.422,18.6,2.581,1.337,1803.987,,597.029,9.59,,,37.746,0.5,64.83,0.511,41128772,,,,
AFG,Asia,Afghanistan,2021-01-17,,,,,,,,,,,,,,,,,,,,,,12.04,54.422,18.6,2.581,1.337,1803.987,,597.029,9.59,,,37.746,0.5,64.83,0.511,41128772,,,,
AFG,Asia,Afghanistan,2021-01-18,,,,,,,,,,,,,,,,,,,,,,12.04,54.422,18.6,2.581,1.337,1803.987,,597.029,9.59,,,37.746,0.5,64.83,0.511,41128772,,,,
AFG,Asia,Afghanistan,2021-01-19,,,,,,,,,,,,,,,,,,,,,,12.04,54.422,18.6,2.581,1.337,1803.987,,597.029,9.59,,,37.746,0.5,64.83,0.511,41128772,,,,
AFG,Asia,Afghanistan,2021-01-20,,,,,,,,,,,,,,,,,,,,,,12.04,54.422,18.6,2.581,1.337,1803.987,,597.029,9.59,,,37.746,0.5,64.83,0.511,41128772,,,,
AFG,Asia,Afghanistan,2021-01-21,,,,,,,,,,,,,,,,,,,,,,12.04,54.422,18.6,2.581,1.337,1803.987,,597.029,9.59,,,37.746,0.5,64.83,0.511,41128772,,,,
AFG,Asia,Afghanistan,2021-01-22,,,,,,,,,,,,,,,,,,,,,,12.04,54.422,18.6,2.581,1.337,1803.987,,597.029,9.59,,,37.746,0.5,64.83,0.511,41128772,,,,
AFG,Asia,Afghanistan,2021-01-23,,,,,,,,,,,,,,,,,,,,,,12.04,54.422,18.6,2.581,1.337,1803.987,,597.029,9.59,,,37.746,0.5,64.83,0.511,41128772,,,,
AFG,Asia,Afghanistan,2021-01-24,,,,,,,,,,,,,,,,,,,,,,12.04,54.422,18.6,2.581,1.337,1803.987,,597.029,9.59,,,37.746,0.5,64.83,0.511,41128772,,,,
AFG,Asia,Afghanistan,2021-01-25,,,,,,,,,,,,,,,,,,,,,,12.04,54.422,18.6,2.581,1.337,1803.987,,597.029,9.59,,,37.746,0.5,64.83,0.511,41128772,,,,
AFG,Asia,Afghanistan,2021-01-26,,,,,,,,,,,,,,,,,,,,,,12.04,54.422,18.6,2.581,1.337,1803.987,,597.029,9.59,,,37.746,0.5,64.83,0.511,41128772,,,,
AFG,Asia,Afghanistan,2021-01-27,,,,,,,,,,,,,,,,,,,,,,12.04,54.422,18.6,2.581,1.337,1803.987,,597.029,9.59,,,37.746,0.5,64.83,0.511,41128772,,,,
AFG,Asia,Afghanistan,2021-01-28,,,,,,,,,,,,,,,,,,,,,,12.04,54.422,18.6,2.581,1.337,1803.987,,597.029,9.59,,,37.746,0.5,64.83,0.511,41128772,,,,
AFG,Asia,Afghanistan,2021-01-29,,,,,,,,,,,,,,,,,,,,,,12.04,54.422,18.6,2.581,1.337,1803.987,,597.029,9.59,,,37.746,0.5,64.83,0.511,41128772,,,,
AFG,Asia,Afghanistan,2021-01-30,,,,,,,,,,,,,,,,,,,,,,12.04,54.422,18.6,2.581,1.337,1803.987,,597.029,9.59,,,37.746,0.5,64.83,0.511,41128772,,,,
AFG,Asia,Afghanistan,2021-01-31,,,,,,,,,,,,,,,,,,,,,,12.04,54.422,18.6,2.581,1.337,1803.987,,597.029,9.59,,,37.746,0.5,64.83,0.511,41128772,,,,
AFG,Asia,Afghanistan,2021-02-01,,,,,,,,,,,,,,,,,,,,,,12.04,54.422,18.6,2.581,1.337,1803.987,,597.029,9.59,,,37.746,0.5,64.83,0.511,41128772,,,,
AFG,Asia,Afghanistan,2021-02-02,,,,,,,,,,,,,,,,,,,,,,12.04,54.422,18.6,2.581,1.337,1803.987,,597.029,9.59,,,37.746,0.5,64.83,0.511,41128772,,,,
AFG,Asia,Afghanistan,2021-02-03,,,,,,,,,,,,,,,,,,,,,,12.04,54.422,18.6,2.581,1.337,1803.987,,597.029,9.59,,,37.746,0.5,64.83,0.511,41128772,,,,
AFG,Asia,Afghanistan,2021-02-04,,,,,,,,,,,,,,,,,,,,,,12.04,54.422,18.6,2.581,1.337,1803.987,,597.029,9.59,,,37.746,0.5,64.83,0.511,41128772,,,,
AFG,Asia,Afghanistan,2021-02-05,,,,,,,,,,,,,,,,,,,,,,12.04,54.422,18.6,2.581,1.337,1803.987,,597.029,9.59,,,37.746,0.5,64.83,0.511,41128772,,,,
AFG,Asia,Afghanistan,2021-02-06,,,,,,,,,,,,,,,,,,,,,,12.04,54.422,18.6,2.581,1.337,1803.987,,597.029,9.59,,,37.746,0.5,64.83,0.511,41128772,,,,
AFG,Asia,Afghanistan,2021-02-07,,,,,,,,,,,,,,,,,,,,,,12.04,54.422,18.6,2.581,1.337,1803.987,,597.029,9.59,,,37.746,0.5,64.83,0.511,41128772,,,,
AFG,Asia,Afghanistan,2021-02-08,,,,,,,,,,,,,,,,,,,,,,12.04,54.422,18.6,2.581,1.337,1803.987,,597.029,9.59,,,37.746,0.5,64.83,0.511,41128772,,,,
AFG,Asia,Afghanistan,2021-02-09,,,,,,,,,,,,,,,,,,,,,,12.04,54.422,18.6,2.581,1.337,1803.987,,597.029,9.59,,,37.746,0.5,64.83,0.511,41128772,,,,
AFG,Asia,Afghanistan,2021-02-10,,,,,,,,,,,,,,,,,,,,,,12.04,54.422,18.6,2.581,1.337,1803.987,,597.029,9.59,,,37.746,0.5,64.83,0.511,41128772,,,,
AFG,Asia,Afghanistan,2021-02-11,,,,,,,,,,,,,,,,,,,,,,12.04,54.422,18.6,2.581,1.337,1803.987,,597.029,9.59,,,37.746,0.5,64.83,0.511,41128772,,,,
AFG,Asia,Afghanistan,2021-02-12,,,,,,,,,,,,,,,,,,,,,,12.04,54.422,18.6,2.581,1.337,1803.987,,597.029,9.59,,,37.746,0.5,64.83,0.511,41128772,,,,
AFG,Asia,Afghanistan,2021-02-13,,,,,,,,,,,,,,,,,,,,,,12.04,54.422,18.6,2.581,1.337,1803.987,,597.029,9.59,,,37.746,0.5,64.83,0.511,41128772,,,,
AFG,Asia,Afghanistan,2021-02-14,,,,,,,,,,,,,,,,,,,,,,12.04,54.422,18.6,2.581,1.337,1803.987,,597.029,9.59,,,37.746,0.5,64.83,0.511,41128772,,,,
AFG,Asia,Afghanistan,2021-02-15,,,,,,,,,,,,,,,,,,,,,,12.04,54.422,18.6,2.581,1.337,1803.987,,597.029,9.59,,,37.746,0.5,64.83,0.511,41128772,,,,
AFG,Asia,Afghanistan,2021-02-16,,,,,,,,,,,,,,,,,,,,,,12.04,54.422,18.6,2.581,1.337,1803.987,,597.029,9.59,,,37.746,0.5,64.83,0.511,41128772,,,,
AFG,Asia,Afghanistan,2021-02-17,,,,,,,,,,,,,,,,,,,,,,12.04,54.422,18.6,2.581,1.337,1803.987,,597.029,9.59,,,37.746,0.5,64.83,0.511,41128772,,,,
AFG,Asia,Afghanistan,2021-02-18,,,,,,,,,,,,,,,,,,,,,,12.04,54.422,18.6,2.581,1.337,1803.987,,597.029,9.59,,,37.746,0.5,64.83,0.511,41128772,,,,
AFG,Asia,Afghanistan,2021-02-19,,,,,,,,,,,,,,,,,,,,,,12.04,54.422,18.6,2.581,1.337,1803.987,,597.029,9.59,,,37.746,0.5,64.83,0.511,41128772,,,,
AFG,Asia,Afghanistan,2021-02-20,,,,,,,,,,,,,,,,,,,,,,12.04,54.422,18.6,2.581,1.337,1803.987,,597.029,9.59,,,37.746,0.5,64.83,0.511,41128772,,,,
AFG,Asia,Afghanistan,2021-02-21,,,,,,,,,,,,,,,,,,,,,,12.04,54.422,18.6,2.581,1.337,1803.987,,597.029,9.59,,,37.746,0.5,64.83,0.511,41128772,,,,
AFG,Asia,Afghanistan,2021-02-22,,,,,,,,,0,0,,,,,0,0,,,,,,12.04,54.422,18.6,2.581,1.337,1803.987,,597.029,9.59,,,37.746,0.5,64.83,0.511,41128772,,,,
AFG,Asia,Afghanistan,2021-02-23,,,,,,,,,,,,,,1367,,,,,33,1367,0.003,12.04,54.422,18.6,2.581,1.337,1803.987,,597.029,9.59,,,37.746,0.5,64.83,0.511,41128772,,,,
AFG,Asia,Afghanistan,2021-02-24,,,,,,,,,,,,,,1367,,,,,33,1367,0.003,12.04,54.422,18.6,2.581,1.337,1803.987,,597.029,9.59,,,37.746,0.5,64.83,0.511,41128772,,,,
AFG,Asia,Afghanistan,2021-02-25,,,,,,,,,,,,,,1367,,,,,33,1367,0.003,12.04,54.422,18.6,2.581,1.337,1803.987,,597.029,9.59,,,37.746,0.5,64.83,0.511,41128772,,,,
AFG,Asia,Afghanistan,2021-02-26,,,,,,,,,,,,,,1367,,,,,33,1367,0.003,12.04,54.422,18.6,2.581,1.337,1803.987,,597.029,9.59,,,37.746,0.5,64.83,0.511,41128772,,,,
AFG,Asia,Afghanistan,2021-02-27,,,,,,,,,,,,,,1367,,,,,33,1367,0.003,12.04,54.422,18.6,2.581,1.337,1803.987,,597.029,9.59,,,37.746,0.5,64.83,0.511,41128772,,,,
AFG,Asia,Afghanistan,2021-02-28,,,,,,,,,8200,8200,,,,1367,0.02,0.02,,,33,1367,0.003,12.04,54.422,18.6,2.581,1.337,1803.987,,597.029,9.59,,,37.746,0.5,64.83,0.511,41128772,,,,
AFG,Asia,Afghanistan,2021-03-01,,,,,,,,,,,,,,1580,,,,,38,1580,0.004,12.04,54.422,18.6,2.581,1.337,1803.987,,597.029,9.59,,,37.746,0.5,64.83,0.511,41128772,,,,
AFG,Asia,Afghanistan,2021-03-02,,,,,,,,,,,,,,1794,,,,,44,1794,0.004,12.04,54.422,18.6,2.581,1.337,1803.987,,597.029,9.59,,,37.746,0.5,64.83,0.511,41128772,,,,
AFG,Asia,Afghanistan,2021-03-03,,,,,,,,,,,,,,2008,,,,,49,2008,0.005,12.04,54.422,18.6,2.581,1.337,1803.987,,597.029,9.59,,,37.746,0.5,64.83,0.511,41128772,,,,
AFG,Asia,Afghanistan,2021-03-04,,,,,,,,,,,,,,2221,,,,,54,2221,0.005,12.04,54.422,18.6,2.581,1.337,1803.987,,597.029,9.59,,,37.746,0.5,64.83,0.511,41128772,,,,
AFG,Asia,Afghanistan,2021-03-05,,,,,,,,,,,,,,2435,,,,,59,2435,0.006,12.04,54.422,18.6,2.581,1.337,1803.987,,597.029,9.59,,,37.746,0.5,64.83,0.511,41128772,,,,
AFG,Asia,Afghanistan,2021-03-06,,,,,,,,,,,,,,2649,,,,,64,2649,0.006,12.04,54.422,18.6,2.581,1.337,1803.987,,597.029,9.59,,,37.746,0.5,64.83,0.511,41128772,,,,
AFG,Asia,Afghanistan,2021-03-07,,,,,,,,,,,,,,2862,,,,,70,2862,0.007,12.04,54.422,18.6,2.581,1.337,1803.987,,597.029,9.59,,,37.746,0.5,64.83,0.511,41128772,,,,
AFG,Asia,Afghanistan,2021-03-08,,,,,,,,,,,,,,2862,,,,,70,2862,0.007,12.04,54.422,18.6,2.581,1.337,1803.987,,597.029,9.59,,,37.746,0.5,64.83,0.511,41128772,,,,
AFG,Asia,Afghanistan,2021-03-09,,,,,,,,,,,,,,2862,,,,,70,2862,0.007,12.04,54.422,18.6,2.581,1.337,1803.987,,597.029,9.59,,,37.746,0.5,64.83,0.511,41128772,,,,
AFG,Asia,Afghanistan,2021-03-10,,,,,,,,,,,,,,2862,,,,,70,2862,0.007,30.56,54.422,18.6,2.581,1.337,1803.987,,597.029,9.59,,,37.746,0.5,64.83,0.511,41128772,,,,
AFG,Asia,Afghanistan,2021-03-11,,,,,,,,,,,,,,2862,,,,,70,2862,0.007,30.56,54.422,18.6,2.581,1.337,1803.987,,597.029,9.59,,,37.746,0.5,64.83,0.511,41128772,,,,
AFG,Asia,Afghanistan,2021-03-12,,,,,,,,,,,,,,2862,,,,,70,2862,0.007,30.56,54.422,18.6,2.581,1.337,1803.987,,597.029,9.59,,,37.746,0.5,64.83,0.511,41128772,,,,
AFG,Asia,Afghanistan,2021-03-13,,,,,,,,,,,,,,2862,,,,,70,2862,0.007,30.56,54.422,18.6,2.581,1.337,1803.987,,597.029,9.59,,,37.746,0.5,64.83,0.511,41128772,,,,
AFG,Asia,Afghanistan,2021-03-14,,,,,,,,,,,,,,2862,,,,,70,2862,0.007,30.56,54.422,18.6,2.581,1.337,1803.987,,597.029,9.59,,,37.746,0.5,64.83,0.511,41128772,,,,
AFG,Asia,Afghanistan,2021-03-15,,,,,,,,,,,,,,2862,,,,,70,2862,0.007,30.56,54.422,18.6,2.581,1.337,1803.987,,597.029,9.59,,,37.746,0.5,64.83,0.511,41128772,,,,
AFG,Asia,Afghanistan,2021-03-16,,,,,,,,,54000,54000,,,,2862,0.13,0.13,,,70,2862,0.007,30.56,54.422,18.6,2.581,1.337,1803.987,,597.029,9.59,,,37.746,0.5,64.83,0.511,41128772,,,,
AFG,Asia,Afghanistan,2021-03-17,,,,,,,,,,,,,,2882,,,,,70,2882,0.007,30.56,54.422,18.6,2.581,1.337,1803.987,,597.029,9.59,,,37.746,0.5,64.83,0.511,41128772,,,,
AFG,Asia,Afghanistan,2021-03-18,,,,,,,,,,,,,,2902,,,,,71,2902,0.007,30.56,54.422,18.6,2.581,1.337,1803.987,,597.029,9.59,,,37.746,0.5,64.83,0.511,41128772,,,,
AFG,Asia,Afghanistan,2021-03-19,,,,,,,,,,,,,,2921,,,,,71,2921,0.007,30.56,54.422,18.6,2.581,1.337,1803.987,,597.029,9.59,,,37.746,0.5,64.83,0.511,41128772,,,,
AFG,Asia,Afghanistan,2021-03-20,,,,,,,,,,,,,,2941,,,,,72,2941,0.007,30.56,54.422,18.6,2.581,1.337,1803.987,,597.029,9.59,,,37.746,0.5,64.83,0.511,41128772,,,,
AFG,Asia,Afghanistan,2021-03-21,,,,,,,,,,,,,,2961,,,,,72,2961,0.007,30.56,54.422,18.6,2.581,1.337,1803.987,,597.029,9.59,,,37.746,0.5,64.83,0.511,41128772,,,,
AFG,Asia,Afghanistan,2021-03-22,,,,,,,,,,,,,,2980,,,,,72,2980,0.007,30.56,54.422,18.6,2.581,1.337,1803.987,,597.029,9.59,,,37.746,0.5,64.83,0.511,41128772,,,,
AFG,Asia,Afghanistan,2021-03-23,,,,,,,,,,,,,,3000,,,,,73,3000,0.007,26.85,54.422,18.6,2.581,1.337,1803.987,,597.029,9.59,,,37.746,0.5,64.83,0.511,41128772,,,,
AFG,Asia,Afghanistan,2021-03-24,,,,,,,,,,,,,,3000,,,,,73,3000,0.007,26.85,54.422,18.6,2.581,1.337,1803.987,,597.029,9.59,,,37.746,0.5,64.83,0.511,41128772,,,,
AFG,Asia,Afghanistan,2021-03-25,,,,,,,,,,,,,,3000,,,,,73,3000,0.007,26.85,54.422,18.6,2.581,1.337,1803.987,,597.029,9.59,,,37.746,0.5,64.83,0.511,41128772,,,,
AFG,Asia,Afghanistan,2021-03-26,,,,,,,,,,,,,,3000,,,,,73,3000,0.007,26.85,54.422,18.6,2.581,1.337,1803.987,,597.029,9.59,,,37.746,0.5,64.83,0.511,41128772,,,,
AFG,Asia,Afghanistan,2021-03-27,,,,,,,,,,,,,,3000,,,,,73,3000,0.007,26.85,54.422,18.6,2.581,1.337,1803.987,,597.029,9.59,,,37.746,0.5,64.83,0.511,41128772,,,,
AFG,Asia,Afghanistan,2021-03-28,,,,,,,,,,,,,,3000,,,,,73,3000,0.007,26.85,54.422,18.6,2.581,1.337,1803.987,,597.029,9.59,,,37.746,0.5,64.83,0.511,41128772,,,,
AFG,Asia,Afghanistan,2021-03-29,,,,,,,,,,,,,,3000,,,,,73,3000,0.007,26.85,54.422,18.6,2.581,1.337,1803.987,,597.029,9.59,,,37.746,0.5,64.83,0.511,41128772,,,,
AFG,Asia,Afghanistan,2021-03-30,,,,,,,,,,,,,,3000,,,,,73,3000,0.007,26.85,54.422,18.6,2.581,1.337,1803.987,,597.029,9.59,,,37.746,0.5,64.83,0.511,41128772,,,,
AFG,Asia,Afghanistan,2021-03-31,,,,,,,,,,,,,,3000,,,,,73,3000,0.007,26.85,54.422,18.6,2.581,1.337,1803.987,,597.029,9.59,,,37.746,0.5,64.83,0.511,41128772,,,,
AFG,Asia,Afghanistan,2021-04-01,,,,,,,,,,,,,,3000,,,,,73,3000,0.007,26.85,54.422,18.6,2.581,1.337,1803.987,,597.029,9.59,,,37.746,0.5,64.83,0.511,41128772,,,,
AFG,Asia,Afghanistan,2021-04-02,,,,,,,,,,,,,,3000,,,,,73,3000,0.007,26.85,54.422,18.6,2.581,1.337,1803.987,,597.029,9.59,,,37.746,0.5,64.83,0.511,41128772,,,,
AFG,Asia,Afghanistan,2021-04-03,,,,,,,,,,,,,,3000,,,,,73,3000,0.007,26.85,54.422,18.6,2.581,1.337,1803.987,,597.029,9.59,,,37.746,0.5,64.83,0.511,41128772,,,,
AFG,Asia,Afghanistan,2021-04-04,,,,,,,,,,,,,,3000,,,,,73,3000,0.007,26.85,54.422,18.6,2.581,1.337,1803.987,,597.029,9.59,,,37.746,0.5,64.83,0.511,41128772,,,,
AFG,Asia,Afghanistan,2021-04-05,,,,,,,,,,,,,,3000,,,,,73,3000,0.007,26.85,54.422,18.6,2.581,1.337,1803.987,,597.029,9.59,,,37.746,0.5,64.83,0.511,41128772,,,,
AFG,Asia,Afghanistan,2021-04-06,,,,,,,,,,,,,,3000,,,,,73,3000,0.007,26.85,54.422,18.6,2.581,1.337,1803.987,,597.029,9.59,,,37.746,0.5,64.83,0.511,41128772,,,,
AFG,Asia,Afghanistan,2021-04-07,,,,,,,,,120000,120000,,,,3000,0.29,0.29,,,73,3000,0.007,26.85,54.422,18.6,2.581,1.337,1803.987,,597.029,9.59,,,37.746,0.5,64.83,0.511,41128772,,,,
AFG,Asia,Afghanistan,2021-04-08,,,,,,,,,,,,,,3714,,,,,90,3714,0.009,26.85,54.422,18.6,2.581,1.337,1803.987,,597.029,9.59,,,37.746,0.5,64.83,0.511,41128772,,,,
AFG,Asia,Afghanistan,2021-04-09,,,,,,,,,,,,,,4429,,,,,108,4429,0.011,26.85,54.422,18.6,2.581,1.337,1803.987,,597.029,9.59,,,37.746,0.5,64.83,0.511,41128772,,,,
AFG,Asia,Afghanistan,2021-04-10,,,,,,,,,,,,,,5143,,,,,125,5143,0.013,26.85,54.422,18.6,2.581,1.337,1803.987,,597.029,9.59,,,37.746,0.5,64.83,0.511,41128772,,,,
AFG,Asia,Afghanistan,2021-04-11,,,,,,,,,,,,,,5857,,,,,142,5857,0.014,26.85,54.422,18.6,2.581,1.337,1803.987,,597.029,9.59,,,37.746,0.5,64.83,0.511,41128772,,,,
AFG,Asia,Afghanistan,2021-04-12,,,,,,,,,,,,,,6571,,,,,160,6571,0.016,26.85,54.422,18.6,2.581,1.337,1803.987,,597.029,9.59,,,37.746,0.5,64.83,0.511,41128772,,,,
AFG,Asia,Afghanistan,2021-04-13,,,,,,,,,,,,,,7286,,,,,177,7286,0.018,26.85,54.422,18.6,2.581,1.337,1803.987,,597.029,9.59,,,37.746,0.5,64.83,0.511,41128772,,,,
AFG,Asia,Afghanistan,2021-04-14,,,,,,,,,,,,,,8000,,,,,195,8000,0.019,26.85,54.422,18.6,2.581,1.337,1803.987,,597.029,9.59,,,37.746,0.5,64.83,0.511,41128772,,,,
AFG,Asia,Afghanistan,2021-04-15,,,,,,,,,,,,,,8000,,,,,195,8000,0.019,26.85,54.422,18.6,2.581,1.337,1803.987,,597.029,9.59,,,37.746,0.5,64.83,0.511,41128772,,,,
AFG,Asia,Afghanistan,2021-04-16,,,,,,,,,,,,,,8000,,,,,195,8000,0.019,26.85,54.422,18.6,2.581,1.337,1803.987,,597.029,9.59,,,37.746,0.5,64.83,0.511,41128772,,,,
AFG,Asia,Afghanistan,2021-04-17,,,,,,,,,,,,,,8000,,,,,195,8000,0.019,26.85,54.422,18.6,2.581,1.337,1803.987,,597.029,9.59,,,37.746,0.5,64.83,0.511,41128772,,,,
AFG,Asia,Afghanistan,2021-04-18,,,,,,,,,,,,,,8000,,,,,195,8000,0.019,26.85,54.422,18.6,2.581,1.337,1803.987,,597.029,9.59,,,37.746,0.5,64.83,0.511,41128772,,,,
AFG,Asia,Afghanistan,2021-04-19,,,,,,,,,,,,,,8000,,,,,195,8000,0.019,26.85,54.422,18.6,2.581,1.337,1803.987,,597.029,9.59,,,37.746,0.5,64.83,0.511,41128772,,,,
AFG,Asia,Afghanistan,2021-04-20,,,,,,,,,,,,,,8000,,,,,195,8000,0.019,26.85,54.422,18.6,2.581,1.337,1803.987,,597.029,9.59,,,37.746,0.5,64.83,0.511,41128772,,,,
AFG,Asia,Afghanistan,2021-04-21,,,,,,,,,,,,,,8000,,,,,195,8000,0.019,26.85,54.422,18.6,2.581,1.337,1803.987,,597.029,9.59,,,37.746,0.5,64.83,0.511,41128772,,,,
AFG,Asia,Afghanistan,2021-04-22,,,,,,,,,240000,240000,,,,8000,0.58,0.58,,,195,8000,0.019,26.85,54.422,18.6,2.581,1.337,1803.987,,597.029,9.59,,,37.746,0.5,64.83,0.511,41128772,,,,
AFG,Asia,Afghanistan,2021-04-23,,,,,,,,,,,,,,8846,,,,,215,8428,0.02,26.85,54.422,18.6,2.581,1.337,1803.987,,597.029,9.59,,,37.746,0.5,64.83,0.511,41128772,,,,
AFG,Asia,Afghanistan,2021-04-24,,,,,,,,,,,,,,9692,,,,,236,8855,0.022,26.85,54.422,18.6,2.581,1.337,1803.987,,597.029,9.59,,,37.746,0.5,64.83,0.511,41128772,,,,
AFG,Asia,Afghanistan,2021-04-25,,,,,,,,,,,,,,10538,,,,,256,9283,0.023,26.85,54.422,18.6,2.581,1.337,1803.987,,597.029,9.59,,,37.746,0.5,64.83,0.511,41128772,,,,
AFG,Asia,Afghanistan,2021-04-26,,,,,,,,,,,,,,11384,,,,,277,9711,0.024,26.85,54.422,18.6,2.581,1.337,1803.987,,597.029,9.59,,,37.746,0.5,64.83,0.511,41128772,,,,
AFG,Asia,Afghanistan,2021-04-27,,,,,,,,,,,,,,12229,,,,,297,10138,0.025,26.85,54.422,18.6,2.581,1.337,1803.987,,597.029,9.59,,,37.746,0.5,64.83,0.511,41128772,,,,
AFG,Asia,Afghanistan,2021-04-28,,,,,,,,,,,,,,13075,,,,,318,10566,0.026,26.85,54.422,18.6,2.581,1.337,1803.987,,597.029,9.59,,,37.746,0.5,64.83,0.511,41128772,,,,
AFG,Asia,Afghanistan,2021-04-29,,,,,,,,,,,,,,13921,,,,,338,10994,0.027,26.85,54.422,18.6,2.581,1.337,1803.987,,597.029,9.59,,,37.746,0.5,64.83,0.511,41128772,,,,
AFG,Asia,Afghanistan,2021-04-30,,,,,,,,,,,,,,13921,,,,,338,10994,0.027,26.85,54.422,18.6,2.581,1.337,1803.987,,597.029,9.59,,,37.746,0.5,64.83,0.511,41128772,,,,